pm10,so2,co,o3,no2,kategori
63,34,25,21,2,SEDANG
16,32,16,19,1,BAIK
18,32,17,20,2,BAIK
24,32,22,20,2,BAIK
29,32,25,14,2,BAIK
21,31,24,18,2,BAIK
30,32,22,17,3,BAIK
29,33,17,19,2,BAIK
29,32,23,13,2,BAIK
38,32,34,21,4,BAIK
25,32,25,20,2,BAIK
29,32,23,17,2,BAIK
29,32,19,12,1,BAIK
22,31,17,13,1,BAIK
27,32,16,17,1,BAIK
24,28,19,14,1,BAIK
24,0,16,14,1,BAIK
18,0,15,10,1,BAIK
35,0,18,15,1,BAIK
54,0,20,16,2,SEDANG
37,0,18,13,2,BAIK
32,0,30,14,2,BAIK
29,0,18,9,2,BAIK
33,0,22,12,2,BAIK
47,14,24,22,2,BAIK
32,13,23,18,3,BAIK
35,12,25,19,2,BAIK
33,12,21,19,2,BAIK
31,12,23,20,2,BAIK
41,16,22,27,3,BAIK
49,0,23,41,3,BAIK
53,0,28,34,3,SEDANG
30,0,17,35,2,BAIK
22,0,15,37,2,BAIK
25,0,16,26,1,BAIK
39,6,20,22,2,BAIK
28,6,19,23,3,BAIK
41,6,20,22,2,BAIK
30,4,23,32,3,BAIK
32,6,23,42,4,BAIK
35,3,18,40,3,BAIK
43,4,21,42,3,BAIK
34,5,32,41,4,BAIK
27,6,22,40,4,BAIK
36,7,19,38,3,BAIK
52,4,30,33,4,SEDANG
68,7,25,30,4,SEDANG
57,4,34,25,2,SEDANG
40,3,31,24,3,BAIK
51,3,34,46,4,SEDANG
58,15,25,78,5,SEDANG
52,7,27,71,7,SEDANG
62,7,30,67,5,SEDANG
50,6,24,68,3,SEDANG
44,8,25,60,4,SEDANG
30,6,23,44,4,BAIK
58,6,26,54,4,SEDANG
51,8,26,46,5,SEDANG
56,8,28,56,4,SEDANG
49,5,33,53,4,SEDANG
37,9,25,75,5,SEDANG
51,7,24,53,4,SEDANG
42,8,19,44,3,BAIK
41,10,22,42,4,BAIK
25,7,22,84,4,SEDANG
53,12,22,101,6,TIDAK SEHAT
62,8,28,43,5,SEDANG
56,9,27,63,4,SEDANG
57,6,29,53,4,SEDANG
53,9,24,60,5,SEDANG
62,14,24,48,4,SEDANG
36,8,20,31,3,BAIK
35,9,20,125,5,TIDAK SEHAT
63,10,25,80,5,SEDANG
55,7,33,52,6,SEDANG
51,13,27,50,2,SEDANG
35,7,17,26,2,BAIK
51,13,23,32,3,SEDANG
34,8,24,47,6,BAIK
46,6,33,34,7,BAIK
77,11,50,97,7,SEDANG
52,10,20,41,4,SEDANG
57,9,30,54,3,SEDANG
42,8,23,80,5,SEDANG
64,12,35,71,3,SEDANG
51,8,27,62,4,SEDANG
32,9,20,26,3,BAIK
41,6,19,,3,BAIK
47,,23,,4,BAIK
30,13,24,,3,BAIK
37,12,24,8,3,BAIK
31,12,24,6,4,BAIK
33,10,16,6,2,BAIK
40,12,17,57,3,SEDANG
17,8,16,38,1,BAIK
23,7,14,31,1,BAIK
46,8,20,55,6,SEDANG
43,7,23,73,4,SEDANG
39,9,26,47,5,BAIK
56,8,26,34,5,SEDANG
55,8,24,45,5,SEDANG
61,9,20,45,3,SEDANG
73,9,26,69,5,SEDANG
65,10,24,76,6,SEDANG
79,7,26,86,7,SEDANG
57,10,24,65,7,SEDANG
71,8,31,56,6,SEDANG
53,11,22,67,5,SEDANG
50,12,17,43,5,BAIK
68,10,30,35,4,SEDANG
47,10,18,44,6,BAIK
61,11,33,82,6,SEDANG
53,10,28,51,5,SEDANG
39,10,17,32,2,BAIK
43,11,18,89,3,SEDANG
57,12,20,88,4,SEDANG
50,8,27,67,4,SEDANG
62,10,34,86,4,SEDANG
49,9,22,68,4,SEDANG
51,11,23,53,4,SEDANG
49,10,22,31,5,BAIK
53,8,26,48,6,SEDANG
55,10,27,52,3,SEDANG
54,11,30,42,5,SEDANG
64,11,28,35,4,SEDANG
76,14,28,87,5,SEDANG
71,15,25,78,5,SEDANG
59,12,20,80,5,SEDANG
50,12,20,76,3,SEDANG
20,15,19,91,5,SEDANG
53,11,21,78,6,SEDANG
60,11,24,56,7,SEDANG
56,11,20,81,9,SEDANG
46,11,23,85,7,SEDANG
59,15,18,64,6,SEDANG
51,14,19,53,3,SEDANG
35,14,19,53,5,SEDANG
44,13,21,85,11,SEDANG
61,17,20,82,8,SEDANG
69,14,19,87,4,SEDANG
54,13,20,134,9,TIDAK SEHAT
69,14,24,79,8,SEDANG
58,15,16,65,4,SEDANG
36,12,20,31,3,BAIK
61,18,23,29,3,SEDANG
56,15,17,26,3,SEDANG
41,11,20,23,3,BAIK
53,14,25,75,4,SEDANG
71,15,21,75,4,SEDANG
42,13,23,72,5,SEDANG
36,12,28,55,5,SEDANG
31,12,19,63,6,SEDANG
41,16,18,32,4,BAIK
38,21,18,31,3,BAIK
51,20,17,47,3,SEDANG
50,13,20,77,4,SEDANG
57,13,19,56,5,SEDANG
52,13,17,48,4,SEDANG
54,14,23,70,6,SEDANG
54,12,20,49,7,SEDANG
51,13,20,44,5,SEDANG
50,16,18,32,2,BAIK
42,15,18,55,3,SEDANG
51,12,24,67,3,SEDANG
34,14,21,84,4,SEDANG
52,17,18,63,7,SEDANG
63,19,21,65,4,SEDANG
58,17,29,36,4,SEDANG
60,18,27,40,4,SEDANG
40,14,19,30,2,BAIK
55,15,27,31,2,SEDANG
12,12,14,29,1,BAIK
20,11,15,33,2,BAIK
28,13,25,33,3,BAIK
33,12,19,46,3,BAIK
29,11,16,57,3,SEDANG
27,13,22,42,3,BAIK
49,14,18,39,3,BAIK
45,13,14,48,2,BAIK
35,14,16,53,2,SEDANG
60,13,18,80,6,SEDANG
49,14,19,90,7,SEDANG
66,16,21,141,7,TIDAK SEHAT
79,17,28,94,6,SEDANG
38,15,16,58,3,SEDANG
24,13,19,54,5,SEDANG
30,15,19,73,5,SEDANG
27,14,19,74,5,SEDANG
37,16,23,103,5,TIDAK SEHAT
45,18,22,71,5,SEDANG
40,17,22,45,5,BAIK
51,16,21,69,4,SEDANG
38,16,19,96,6,SEDANG
59,18,26,97,7,SEDANG
86,20,22,122,9,TIDAK SEHAT
53,15,24,50,7,SEDANG
43,13,23,95,5,SEDANG
49,17,23,77,9,SEDANG
45,14,20,64,4,SEDANG
46,13,25,82,5,SEDANG
48,16,20,56,6,SEDANG
50,19,19,76,5,SEDANG
50,17,20,85,10,SEDANG
57,16,20,70,9,SEDANG
38,16,18,55,5,SEDANG
55,15,24,87,5,SEDANG
48,14,19,74,4,SEDANG
53,17,18,74,6,SEDANG
46,18,19,60,5,SEDANG
42,17,18,80,7,SEDANG
52,18,18,97,7,SEDANG
62,18,19,90,7,SEDANG
61,18,19,90,5,SEDANG
68,19,18,59,6,SEDANG
60,21,19,85,6,SEDANG
56,16,23,141,6,TIDAK SEHAT
34,15,21,72,6,SEDANG
44,15,21,92,5,SEDANG
56,19,18,65,8,SEDANG
56,16,18,56,3,SEDANG
58,15,25,118,5,TIDAK SEHAT
70,16,23,102,6,TIDAK SEHAT
55,18,19,92,5,SEDANG
39,18,18,105,5,TIDAK SEHAT
5,21,17,63,4,SEDANG
18,17,16,49,3,BAIK
51,16,15,83,4,SEDANG
52,19,18,77,5,SEDANG
57,19,19,112,6,TIDAK SEHAT
71,19,21,59,5,SEDANG
52,19,18,63,4,SEDANG
53,19,16,66,4,SEDANG
53,25,19,58,4,SEDANG
62,20,18,51,6,SEDANG
56,18,16,49,5,SEDANG
61,24,21,138,6,TIDAK SEHAT
56,18,20,48,5,SEDANG
51,18,16,64,5,SEDANG
54,17,16,75,6,SEDANG
56,18,15,77,3,SEDANG
64,18,19,70,5,SEDANG
63,19,20,110,9,TIDAK SEHAT
52,17,19,79,6,SEDANG
57,17,19,57,4,SEDANG
59,20,16,50,3,SEDANG
54,20,16,72,3,SEDANG
55,21,16,64,4,SEDANG
52,18,17,86,4,SEDANG
56,17,20,95,4,SEDANG
59,16,20,61,5,SEDANG
59,19,21,113,6,TIDAK SEHAT
68,23,21,86,6,SEDANG
65,20,21,88,6,SEDANG
59,18,18,66,5,SEDANG
53,19,15,78,3,SEDANG
57,20,16,77,6,SEDANG
57,18,17,63,5,SEDANG
55,16,18,58,6,SEDANG
68,19,18,127,9,TIDAK SEHAT
63,20,21,137,7,TIDAK SEHAT
62,19,20,88,5,SEDANG
60,19,21,63,8,SEDANG
62,19,24,53,5,SEDANG
44,17,20,22,3,BAIK
60,16,31,81,7,SEDANG
59,17,22,55,9,SEDANG
42,17,20,56,4,SEDANG
52,17,20,53,4,SEDANG
48,17,26,47,4,BAIK
50,17,22,65,7,SEDANG
53,17,20,62,6,SEDANG
60,18,21,49,5,SEDANG
48,20,16,36,4,BAIK
52,17,20,82,4,SEDANG
39,18,19,41,4,BAIK
53,17,19,68,5,SEDANG
71,17,30,55,6,SEDANG
54,19,20,77,5,SEDANG
46,17,23,89,6,SEDANG
58,18,29,125,7,TIDAK SEHAT
36,18,19,107,5,TIDAK SEHAT
29,19,15,95,4,SEDANG
36,20,18,55,4,SEDANG
50,18,22,120,6,TIDAK SEHAT
36,20,21,115,6,TIDAK SEHAT
51,17,23,44,5,SEDANG
51,17,24,96,6,SEDANG
73,18,37,76,7,SEDANG
49,18,21,64,3,SEDANG
52,19,17,74,6,SEDANG
53,19,25,95,5,SEDANG
55,20,20,79,5,SEDANG
53,20,19,46,4,SEDANG
42,22,18,91,8,SEDANG
42,20,23,73,6,SEDANG
64,19,33,66,6,SEDANG
58,20,24,71,5,SEDANG
40,19,21,67,5,SEDANG
40,21,19,88,11,SEDANG
51,23,19,136,6,TIDAK SEHAT
51,21,19,105,8,TIDAK SEHAT
55,21,20,87,5,SEDANG
64,20,27,57,9,SEDANG
32,17,16,49,3,BAIK
37,17,19,12,3,BAIK
53,19,27,43,5,SEDANG
52,19,21,56,4,SEDANG
50,19,28,101,5,TIDAK SEHAT
56,20,24,150,5,TIDAK SEHAT
44,18,18,81,3,SEDANG
28,18,21,60,4,SEDANG
52,19,27,71,5,SEDANG
48,19,22,102,5,TIDAK SEHAT
54,26,27,125,6,TIDAK SEHAT
,,32,,,BAIK
59,22,27,80,5,SEDANG
46,20,22,79,9,SEDANG
48,21,20,128,5,TIDAK SEHAT
30,20,19,141,5,TIDAK SEHAT
40,19,17,18,2,BAIK
27,19,18,20,2,BAIK
28,20,15,18,2,BAIK
20,18,16,19,2,BAIK
19,18,16,21,2,BAIK
23,19,16,28,3,BAIK
29,21,23,18,4,BAIK
27,21,21,19,3,BAIK
39,20,18,20,3,BAIK
33,19,17,27,3,BAIK
27,20,15,25,2,BAIK
30,19,18,29,4,BAIK
28,20,19,78,6,SEDANG
35,22,19,40,4,BAIK
25,20,17,16,2,BAIK
24,20,25,21,2,BAIK
27,19,24,16,1,BAIK
10,20,20,31,4,BAIK
51,23,22,18,2,SEDANG
33,20,18,29,2,BAIK
17,23,17,25,2,BAIK
27,21,19,31,4,BAIK
33,21,18,30,3,BAIK
30,21,22,28,3,BAIK
28,20,26,25,3,BAIK
34,21,21,35,3,BAIK
24,21,18,34,2,BAIK
20,19,14,22,2,BAIK
16,20,14,33,2,BAIK
22,21,15,27,3,BAIK
31,23,17,35,3,BAIK
35,24,21,45,4,BAIK
49,23,18,54,3,SEDANG
38,23,21,30,4,BAIK
52,21,11,61,11,SEDANG
27,18,5,40,15,BAIK
32,18,7,55,10,SEDANG
23,19,0,61,15,SEDANG
28,16,6,57,12,SEDANG
29,17,11,62,13,SEDANG
31,18,11,55,20,SEDANG
28,19,7,52,14,SEDANG
25,18,6,48,11,BAIK
42,23,11,83,16,SEDANG
33,18,11,65,20,SEDANG
29,18,12,65,19,SEDANG
25,17,8,29,5,BAIK
21,16,8,29,6,BAIK
13,17,8,42,7,BAIK
17,17,7,34,6,BAIK
18,18,30,48,14,BAIK
22,18,5,30,6,BAIK
40,23,9,39,10,BAIK
37,18,7,32,11,BAIK
31,20,0,51,12,SEDANG
32,22,7,34,15,BAIK
26,20,7,34,15,BAIK
25,21,0,47,13,BAIK
34,22,10,49,14,BAIK
26,22,9,49,10,BAIK
31,20,5,48,10,BAIK
22,21,11,38,9,BAIK
32,21,11,32,18,BAIK
27,21,13,36,12,BAIK
37,22,18,36,16,BAIK
37,21,19,45,13,BAIK
20,20,9,38,7,BAIK
21,18,5,37,5,BAIK
22,18,6,34,7,BAIK
25,19,6,33,8,BAIK
25,19,0,28,12,BAIK
35,18,11,41,14,BAIK
28,17,11,44,12,BAIK
30,18,14,43,11,BAIK
25,16,5,44,12,BAIK
33,18,11,53,12,SEDANG
37,18,17,47,14,BAIK
21,18,10,46,12,BAIK
22,18,11,46,11,BAIK
29,21,18,50,15,BAIK
51,20,14,36,13,SEDANG
54,19,25,36,11,SEDANG
35,17,16,31,11,BAIK
57,25,31,65,17,SEDANG
47,27,13,130,21,TIDAK SEHAT
53,26,22,96,16,SEDANG
74,40,22,70,21,SEDANG
39,19,15,90,26,SEDANG
59,27,15,67,13,SEDANG
29,21,12,50,13,BAIK
46,21,22,48,15,BAIK
52,18,17,67,18,SEDANG
55,20,22,0,18,SEDANG
47,17,20,0,19,BAIK
30,17,13,0,9,BAIK
47,18,19,0,16,BAIK
30,15,10,60,12,SEDANG
31,18,9,55,12,SEDANG
30,18,16,67,26,SEDANG
51,24,12,119,16,TIDAK SEHAT
77,52,20,41,17,SEDANG
66,32,15,60,17,SEDANG
53,19,19,54,17,SEDANG
51,18,15,81,24,SEDANG
66,25,13,74,25,SEDANG
41,17,11,30,17,BAIK
45,20,10,136,12,TIDAK SEHAT
80,38,23,83,24,SEDANG
50,20,20,64,23,SEDANG
47,23,16,84,20,SEDANG
32,15,11,48,7,BAIK
41,17,17,22,12,BAIK
41,21,13,37,14,BAIK
48,28,16,29,19,BAIK
74,19,54,123,19,TIDAK SEHAT
52,18,16,56,13,SEDANG
46,14,17,46,10,BAIK
49,25,13,37,20,BAIK
68,23,18,85,16,SEDANG
54,23,21,77,11,SEDANG
38,16,12,47,17,BAIK
24,16,8,26,8,BAIK
39,17,12,110,10,TIDAK SEHAT
51,19,20,96,15,SEDANG
33,16,14,59,24,SEDANG
40,17,24,150,19,TIDAK SEHAT
36,15,18,51,15,SEDANG
23,15,7,25,6,BAIK
27,17,8,45,14,BAIK
23,15,6,24,6,BAIK
22,15,4,29,13,BAIK
65,23,18,113,21,TIDAK SEHAT
66,29,14,132,29,TIDAK SEHAT
52,29,12,89,17,SEDANG
48,24,10,65,14,SEDANG
50,19,9,44,16,BAIK
59,37,16,40,10,SEDANG
58,26,21,77,26,SEDANG
76,54,24,68,15,SEDANG
69,26,13,113,17,TIDAK SEHAT
73,38,19,124,15,TIDAK SEHAT
59,45,21,140,20,TIDAK SEHAT
58,17,16,102,14,TIDAK SEHAT
63,17,17,50,20,SEDANG
46,20,16,55,15,SEDANG
63,28,17,53,19,SEDANG
67,38,27,32,16,SEDANG
41,20,7,37,10,BAIK
54,19,24,64,25,SEDANG
52,26,16,88,24,SEDANG
51,30,14,48,14,SEDANG
56,23,17,139,14,TIDAK SEHAT
63,33,16,74,17,SEDANG
53,27,19,76,31,SEDANG
62,30,29,67,18,SEDANG
51,21,17,67,23,SEDANG
49,23,15,58,16,SEDANG
56,48,15,44,20,SEDANG
49,21,21,56,14,SEDANG
53,20,20,47,13,SEDANG
68,37,19,44,17,SEDANG
67,25,15,42,15,SEDANG
68,22,24,125,17,TIDAK SEHAT
75,29,11,115,18,TIDAK SEHAT
59,24,13,70,12,SEDANG
53,20,8,73,22,SEDANG
75,43,10,61,16,SEDANG
73,26,10,67,15,SEDANG
69,22,9,80,15,SEDANG
66,19,8,73,12,SEDANG
67,19,15,89,14,SEDANG
76,34,10,65,16,SEDANG
58,23,12,60,13,SEDANG
59,22,7,69,12,SEDANG
64,25,13,92,16,SEDANG
73,33,13,85,15,SEDANG
74,28,10,69,15,SEDANG
72,35,15,151,12,TIDAK SEHAT
78,31,11,105,16,TIDAK SEHAT
59,27,6,51,11,SEDANG
53,37,8,30,7,SEDANG
56,27,18,39,15,SEDANG
51,26,12,31,12,SEDANG
24,20,11,25,11,BAIK
61,32,15,42,15,SEDANG
61,25,9,53,10,SEDANG
61,31,25,72,17,SEDANG
74,50,15,61,17,SEDANG
50,,,,,BAIK
54,25,7,42,14,SEDANG
62,27,7,34,12,SEDANG
64,32,9,39,12,SEDANG
66,33,8,55,13,SEDANG
63,34,14,78,16,SEDANG
56,28,9,53,14,SEDANG
69,38,15,54,13,SEDANG
53,26,16,87,19,SEDANG
67,26,11,54,14,SEDANG
57,25,7,44,9,SEDANG
59,26,6,48,13,SEDANG
50,23,12,93,12,SEDANG
55,33,10,120,12,TIDAK SEHAT
54,29,6,140,11,TIDAK SEHAT
67,35,12,51,15,SEDANG
68,27,15,49,14,SEDANG
76,34,17,38,12,SEDANG
56,30,6,36,7,SEDANG
46,30,17,34,10,BAIK
21,23,,34,4,BAIK
18,28,5,34,4,BAIK
44,28,21,36,10,BAIK
29,30,10,46,8,BAIK
24,24,8,63,6,SEDANG
38,27,11,47,9,BAIK
50,25,5,46,10,BAIK
45,26,5,54,10,SEDANG
58,28,6,45,11,SEDANG
64,25,8,82,11,SEDANG
57,30,8,87,18,SEDANG
76,30,13,143,14,TIDAK SEHAT
83,29,25,108,22,TIDAK SEHAT
55,27,6,63,9,SEDANG
35,26,12,73,11,SEDANG
50,30,15,69,17,SEDANG
50,28,10,92,16,SEDANG
55,29,12,94,12,SEDANG
68,30,14,79,15,SEDANG
73,30,18,47,16,SEDANG
67,31,16,90,16,SEDANG
58,35,11,120,14,TIDAK SEHAT
76,33,20,80,21,SEDANG
87,37,16,95,19,SEDANG
67,39,12,62,12,SEDANG
58,32,11,145,21,TIDAK SEHAT
67,36,11,94,16,SEDANG
57,31,11,51,13,SEDANG
68,38,21,70,19,SEDANG
58,32,9,65,11,SEDANG
68,44,10,61,11,SEDANG
65,34,9,112,15,TIDAK SEHAT
58,32,7,84,15,SEDANG
44,30,,45,12,BAIK
61,37,20,66,17,SEDANG
51,30,,123,12,TIDAK SEHAT
57,33,9,76,16,SEDANG
58,37,10,60,15,SEDANG
47,32,8,86,11,SEDANG
54,35,9,66,14,SEDANG
62,39,12,88,15,SEDANG
67,39,10,84,13,SEDANG
71,34,9,60,15,SEDANG
74,40,8,74,14,SEDANG
68,34,19,153,17,TIDAK SEHAT
58,34,10,96,18,SEDANG
61,33,12,86,14,SEDANG
58,34,6,87,13,SEDANG
60,34,9,67,9,SEDANG
66,34,15,112,18,TIDAK SEHAT
88,46,20,100,23,SEDANG
63,37,10,76,16,SEDANG
64,38,11,101,15,TIDAK SEHAT
65,39,6,58,10,SEDANG
59,36,6,57,11,SEDANG
50,33,7,69,6,SEDANG
,43,,,,BAIK
,45,,,,BAIK
,47,,,,BAIK
60,37,13,57,,SEDANG
70,43,,,,SEDANG
62,38,7,61,,SEDANG
64,47,11,52,,SEDANG
64,42,10,44,,SEDANG
70,51,11,91,,SEDANG
54,38,8,45,,SEDANG
58,39,8,81,,SEDANG
54,36,4,55,10,SEDANG
57,39,7,65,12,SEDANG
65,37,11,55,13,SEDANG
65,40,11,151,15,TIDAK SEHAT
57,37,8,92,12,SEDANG
60,37,11,56,19,SEDANG
59,40,5,59,16,SEDANG
69,49,5,59,15,SEDANG
56,43,5,52,13,SEDANG
53,40,9,99,12,SEDANG
65,45,15,85,18,SEDANG
59,40,10,58,18,SEDANG
59,46,17,145,21,TIDAK SEHAT
64,46,12,95,17,SEDANG
69,48,17,85,23,SEDANG
56,,10,66,11,SEDANG
54,,6,76,13,SEDANG
53,,5,48,11,SEDANG
52,,5,68,10,SEDANG
53,,4,68,8,SEDANG
58,,7,66,18,SEDANG
61,,10,109,11,TIDAK SEHAT
70,46,16,128,19,TIDAK SEHAT
59,42,10,103,16,TIDAK SEHAT
63,43,15,100,18,SEDANG
65,51,16,71,17,SEDANG
44,40,10,30,15,BAIK
62,45,34,121,18,TIDAK SEHAT
58,44,10,124,14,TIDAK SEHAT
56,52,14,44,17,SEDANG
49,42,13,81,12,SEDANG
57,51,18,39,15,SEDANG
58,52,23,65,20,SEDANG
53,50,12,60,22,SEDANG
69,51,12,50,17,SEDANG
55,46,6,41,13,SEDANG
55,43,14,81,14,SEDANG
43,44,10,56,14,SEDANG
54,46,16,66,15,SEDANG
60,43,24,72,24,SEDANG
58,48,13,80,19,SEDANG
57,49,17,79,23,SEDANG
57,45,21,110,24,TIDAK SEHAT
50,45,10,93,19,SEDANG
52,47,4,90,11,SEDANG
41,46,8,84,18,SEDANG
42,48,10,134,18,TIDAK SEHAT
51,49,7,98,16,SEDANG
53,51,16,40,20,SEDANG
49,47,20,94,22,SEDANG
,50,40,78,27,SEDANG
,50,15,59,14,SEDANG
,52,12,67,15,SEDANG
,50,13,93,28,SEDANG
,51,12,60,19,SEDANG
52,50,12,68,17,SEDANG
34,47,11,72,13,SEDANG
60,52,17,74,19,SEDANG
61,51,36,67,20,SEDANG
53,48,19,66,20,SEDANG
50,46,12,83,16,SEDANG
59,50,11,80,15,SEDANG
70,51,15,138,18,TIDAK SEHAT
60,50,10,108,12,TIDAK SEHAT
55,50,10,73,14,SEDANG
67,52,18,52,18,SEDANG
43,50,8,39,12,BAIK
36,52,9,25,9,SEDANG
57,52,22,39,20,SEDANG
45,49,11,75,16,SEDANG
51,51,15,69,18,SEDANG
,,14,,19,BAIK
49,48,12,66,19,SEDANG
53,53,18,61,22,SEDANG
40,53,12,79,29,SEDANG
59,54,11,101,19,TIDAK SEHAT
55,54,15,90,26,SEDANG
60,55,19,66,16,SEDANG
47,53,16,76,16,SEDANG
55,54,11,105,11,TIDAK SEHAT
43,53,8,106,14,TIDAK SEHAT
56,54,12,32,23,SEDANG
70,55,16,71,20,SEDANG
32,53,6,32,18,SEDANG
29,53,7,29,7,SEDANG
25,53,6,27,6,SEDANG
19,53,7,18,7,SEDANG
18,53,8,18,7,SEDANG
24,53,7,37,15,SEDANG
27,53,13,23,13,SEDANG
17,49,8,17,8,BAIK
34,49,11,16,7,BAIK
31,49,9,29,7,BAIK
22,50,6,29,5,BAIK
25,50,8,38,7,BAIK
37,51,10,95,21,SEDANG
43,51,10,54,21,SEDANG
30,51,7,30,19,SEDANG
22,51,11,32,14,SEDANG
24,51,6,25,6,SEDANG
29,51,9,30,11,SEDANG
21,51,23,19,7,SEDANG
27,51,11,58,23,SEDANG
34,51,9,31,18,SEDANG
46,51,15,19,18,SEDANG
25,51,11,25,7,SEDANG
24,52,8,25,7,SEDANG
22,52,7,33,11,SEDANG
26,52,7,30,12,SEDANG
31,52,19,33,15,SEDANG
29,52,19,30,12,SEDANG
30,52,11,56,9,SEDANG
28,,10,43,7,BAIK
19,,5,31,4,BAIK
22,,4,30,5,BAIK
25,,6,34,11,BAIK
27,,5,30,18,BAIK
55,,15,34,16,SEDANG
50,,12,42,15,BAIK
47,32,14,43,14,BAIK
73,31,19,33,5,SEDANG
39,29,4,33,3,BAIK
51,30,7,36,3,SEDANG
45,33,7,63,7,SEDANG
54,30,16,68,9,SEDANG
34,30,9,65,8,SEDANG
48,31,5,62,4,SEDANG
37,31,10,52,5,SEDANG
30,31,6,68,4,SEDANG
54,32,21,66,9,SEDANG
40,30,13,54,9,SEDANG
22,30,7,32,3,BAIK
22,29,3,29,1,BAIK
23,29,4,29,1,BAIK
35,0,12,0,0,BAIK
41,0,0,0,0,BAIK
15,29,4,31,2,BAIK
26,29,7,30,4,BAIK
24,29,4,29,0,BAIK
27,30,5,30,4,BAIK
47,32,10,55,4,SEDANG
54,32,10,50,5,SEDANG
45,33,6,48,4,BAIK
0,0,5,0,0,BAIK
30,30,0,29,0,BAIK
39,32,7,53,3,SEDANG
57,33,13,60,8,SEDANG
41,31,10,44,4,BAIK
27,30,9,32,5,BAIK
30,31,14,54,2,SEDANG
32,31,8,41,4,BAIK
26,32,9,44,4,BAIK
24,31,8,37,4,BAIK
39,30,12,30,7,BAIK
14,30,3,24,0,BAIK
13,0,0,0,0,BAIK
13,0,0,0,0,BAIK
19,0,0,0,0,BAIK
26,31,4,33,0,BAIK
23,31,6,28,3,BAIK
16,31,5,40,3,BAIK
27,31,8,45,4,BAIK
34,30,13,43,7,BAIK
37,31,10,56,7,SEDANG
34,32,19,58,8,SEDANG
23,32,5,51,6,SEDANG
25,31,7,55,6,SEDANG
34,0,0,0,0,BAIK
44,0,0,0,0,BAIK
71,31,23,47,10,SEDANG
60,31,20,36,8,SEDANG
45,31,34,45,10,BAIK
56,34,20,76,8,SEDANG
43,32,13,112,9,TIDAK SEHAT
41,31,15,106,7,TIDAK SEHAT
48,31,9,69,5,SEDANG
39,31,14,123,11,TIDAK SEHAT
32,31,9,81,4,SEDANG
55,31,22,98,11,SEDANG
58,32,16,83,8,SEDANG
49,35,24,75,6,SEDANG
51,31,20,66,8,SEDANG
34,31,17,112,6,TIDAK SEHAT
48,32,16,107,9,TIDAK SEHAT
47,32,10,63,5,SEDANG
49,32,16,69,10,SEDANG
30,32,12,58,7,SEDANG
44,33,11,95,12,SEDANG
68,32,21,81,11,SEDANG
61,32,19,120,10,TIDAK SEHAT
61,32,21,84,9,SEDANG
65,32,19,71,12,SEDANG
62,34,11,46,5,SEDANG
61,33,8,40,5,SEDANG
49,34,8,76,4,SEDANG
69,34,11,76,11,SEDANG
51,32,9,58,6,SEDANG
47,40,11,53,9,SEDANG
53,42,24,65,11,SEDANG
66,50,44,125,8,TIDAK SEHAT
58,43,15,73,7,SEDANG
63,54,32,35,7,SEDANG
50,47,13,83,9,SEDANG
53,47,25,47,7,SEDANG
54,50,17,42,6,SEDANG
37,45,11,47,3,BAIK
31,38,4,34,2,BAIK
44,43,9,59,4,SEDANG
34,39,12,67,7,SEDANG
37,41,15,45,7,BAIK
48,33,16,35,7,BAIK
16,33,4,28,2,BAIK
24,33,4,33,2,BAIK
16,32,3,25,,BAIK
23,33,6,31,3,BAIK
37,35,16,45,10,BAIK
31,36,16,102,9,TIDAK SEHAT
21,34,9,110,11,TIDAK SEHAT
21,34,9,108,12,TIDAK SEHAT
31,34,15,81,8,SEDANG
34,34,12,82,7,SEDANG
46,34,17,91,6,SEDANG
33,38,11,92,7,SEDANG
55,35,15,91,9,SEDANG
58,38,14,113,6,TIDAK SEHAT
28,36,14,97,8,SEDANG
57,36,13,82,6,SEDANG
61,34,10,88,10,SEDANG
41,35,17,123,6,TIDAK SEHAT
46,36,8,95,12,SEDANG
68,35,18,82,8,SEDANG
44,34,9,51,7,SEDANG
49,34,15,65,5,SEDANG
47,35,8,58,6,SEDANG
39,35,10,34,5,BAIK
32,35,7,76,4,SEDANG
57,39,18,102,15,TIDAK SEHAT
39,33,16,85,5,SEDANG
52,34,27,112,10,TIDAK SEHAT
43,34,10,87,5,SEDANG
37,34,13,94,6,SEDANG
45,35,14,71,11,SEDANG
42,35,17,74,8,SEDANG
45,35,16,83,8,SEDANG
58,35,18,77,8,SEDANG
66,35,14,61,8,SEDANG
67,35,25,104,10,TIDAK SEHAT
87,35,18,117,9,TIDAK SEHAT
59,35,10,105,12,TIDAK SEHAT
60,35,9,92,6,SEDANG
66,38,13,115,11,TIDAK SEHAT
67,36,13,108,7,TIDAK SEHAT
78,35,14,93,11,SEDANG
61,34,7,72,10,SEDANG
97,35,24,120,9,TIDAK SEHAT
68,36,12,111,7,TIDAK SEHAT
61,36,9,89,7,SEDANG
59,37,7,98,9,SEDANG
62,35,9,88,8,SEDANG
76,38,11,102,11,TIDAK SEHAT
70,37,8,91,5,SEDANG
73,37,11,102,7,TIDAK SEHAT
78,37,9,164,9,TIDAK SEHAT
61,38,6,79,5,SEDANG
59,35,6,62,5,SEDANG
57,38,10,52,6,SEDANG
51,37,6,56,8,SEDANG
21,34,4,37,3,BAIK
46,35,11,79,7,SEDANG
72,37,14,105,7,TIDAK SEHAT
65,36,13,95,7,SEDANG
57,35,9,98,7,SEDANG
49,36,6,84,6,SEDANG
54,38,6,95,8,SEDANG
57,39,9,59,7,SEDANG
58,39,8,75,7,SEDANG
58,37,8,86,6,SEDANG
104,35,15,62,9,TIDAK SEHAT
57,35,8,79,7,SEDANG
77,36,13,67,7,SEDANG
55,35,8,96,7,SEDANG
64,36,9,72,7,SEDANG
61,35,16,46,6,SEDANG
61,,7,85,6,SEDANG
51,,6,73,4,SEDANG
40,,4,69,4,SEDANG
57,,7,94,14,SEDANG
73,,15,83,8,SEDANG
82,,18,71,10,SEDANG
84,12,8,70,8,SEDANG
58,12,4,48,5,SEDANG
61,12,13,49,5,SEDANG
23,11,2,43,3,BAIK
18,11,2,51,4,SEDANG
37,11,12,68,7,SEDANG
30,11,6,73,5,SEDANG
22,11,2,49,6,BAIK
35,11,8,69,4,SEDANG
57,11,3,62,5,SEDANG
46,12,3,60,4,SEDANG
51,12,3,85,6,SEDANG
59,11,3,84,6,SEDANG
55,11,5,93,6,SEDANG
118,12,10,93,11,TIDAK SEHAT
98,12,8,92,9,SEDANG
59,11,2,65,7,SEDANG
48,11,,68,6,SEDANG
40,12,2,74,5,SEDANG
43,11,3,87,6,SEDANG
51,12,3,123,5,TIDAK SEHAT
62,12,4,143,7,TIDAK SEHAT
71,12,11,72,10,SEDANG
67,12,10,94,8,SEDANG
56,12,4,97,9,SEDANG
65,12,14,114,13,TIDAK SEHAT
78,12,5,111,10,TIDAK SEHAT
68,12,4,122,15,TIDAK SEHAT
54,12,3,97,10,SEDANG
54,12,4,155,8,TIDAK SEHAT
54,12,,91,6,SEDANG
57,12,,91,7,SEDANG
56,12,,108,8,TIDAK SEHAT
57,12,4,94,8,SEDANG
52,12,4,96,7,SEDANG
48,12,2,94,8,SEDANG
33,12,2,71,3,SEDANG
36,12,1,83,5,SEDANG
53,12,,91,7,SEDANG
45,12,3,75,6,SEDANG
49,12,4,94,6,SEDANG
50,13,3,79,8,SEDANG
55,12,3,104,6,TIDAK SEHAT
69,12,5,94,14,SEDANG
66,12,2,116,9,TIDAK SEHAT
84,12,3,94,9,SEDANG
69,13,,133,9,TIDAK SEHAT
59,12,,88,6,SEDANG
49,12,7,107,10,TIDAK SEHAT
57,12,23,128,11,TIDAK SEHAT
72,13,27,97,14,SEDANG
62,12,14,101,5,TIDAK SEHAT
68,12,17,104,5,TIDAK SEHAT
68,12,21,120,11,TIDAK SEHAT
59,13,15,134,10,TIDAK SEHAT
53,13,12,125,11,TIDAK SEHAT
61,13,12,129,6,TIDAK SEHAT
56,13,10,81,4,SEDANG
53,13,10,79,4,SEDANG
58,13,12,90,5,SEDANG
62,13,20,137,10,TIDAK SEHAT
74,14,17,99,8,SEDANG
57,13,10,71,5,SEDANG
51,13,10,81,5,SEDANG
63,14,15,71,8,SEDANG
62,14,12,64,7,SEDANG
60,13,14,55,6,SEDANG
59,13,14,154,5,TIDAK SEHAT
52,13,13,85,12,SEDANG
58,14,14,82,5,SEDANG
56,13,11,76,8,SEDANG
53,13,10,92,4,SEDANG
83,13,23,74,7,SEDANG
73,14,18,157,7,TIDAK SEHAT
65,14,13,89,6,SEDANG
46,13,14,88,5,SEDANG
68,13,30,74,7,SEDANG
64,14,14,79,7,SEDANG
59,14,14,96,8,SEDANG
49,13,9,69,5,SEDANG
45,13,11,95,5,SEDANG
57,13,13,107,5,TIDAK SEHAT
50,14,10,140,5,TIDAK SEHAT
72,15,20,140,10,TIDAK SEHAT
64,14,20,144,10,TIDAK SEHAT
69,13,20,69,10,SEDANG
52,13,10,76,7,SEDANG
55,14,13,72,8,SEDANG
67,14,13,88,7,SEDANG
57,14,11,121,15,TIDAK SEHAT
63,14,13,100,10,SEDANG
67,14,16,161,7,TIDAK SEHAT
57,14,11,126,8,TIDAK SEHAT
56,13,15,100,8,SEDANG
50,13,12,109,6,TIDAK SEHAT
51,13,17,77,5,SEDANG
41,13,11,51,6,SEDANG
53,14,26,91,8,SEDANG
61,13,18,132,9,TIDAK SEHAT
40,13,14,76,7,SEDANG
53,13,17,67,5,SEDANG
38,13,20,83,7,SEDANG
38,13,16,84,10,SEDANG
42,13,11,108,9,TIDAK SEHAT
53,13,17,77,7,SEDANG
53,13,15,87,8,SEDANG
52,14,15,134,5,TIDAK SEHAT
41,15,11,97,6,SEDANG
50,14,15,74,6,SEDANG
60,14,21,71,10,SEDANG
60,15,14,74,10,SEDANG
47,,13,35,5,BAIK
40,13,11,40,5,BAIK
40,14,9,45,5,BAIK
43,14,11,42,6,BAIK
34,14,14,26,6,BAIK
49,14,12,36,9,BAIK
49,14,16,36,11,BAIK
44,13,20,44,7,BAIK
65,14,23,41,8,SEDANG
54,13,17,47,6,SEDANG
45,14,13,45,11,BAIK
49,14,18,52,9,SEDANG
42,14,11,29,11,BAIK
43,13,11,59,8,SEDANG
41,13,11,46,6,BAIK
56,13,19,39,14,SEDANG
53,13,26,27,9,SEDANG
53,13,16,26,6,SEDANG
43,13,14,119,6,TIDAK SEHAT
48,13,13,50,5,BAIK
58,14,21,48,15,SEDANG
63,14,16,58,7,SEDANG
65,14,14,57,8,SEDANG
53,15,13,32,8,SEDANG
52,14,22,21,7,SEDANG
32,15,16,56,10,SEDANG
36,14,21,34,10,BAIK
56,14,20,31,6,SEDANG
47,14,20,48,12,BAIK
45,14,15,40,6,BAIK
51,14,15,85,12,SEDANG
41,13,15,58,6,SEDANG
41,14,19,99,7,SEDANG
37,14,17,121,12,TIDAK SEHAT
61,16,19,107,9,TIDAK SEHAT
51,15,29,89,10,SEDANG
44,15,17,82,5,SEDANG
38,15,23,63,5,SEDANG
,15,16,53,5,SEDANG
,15,12,134,9,TIDAK SEHAT
,15,11,116,5,TIDAK SEHAT
,15,20,52,8,SEDANG
30,14,10,42,4,BAIK
7,14,10,38,4,BAIK
2,13,6,37,1,BAIK
5,13,6,37,2,BAIK
,13,7,33,,BAIK
,13,5,33,,BAIK
17,13,6,38,2,BAIK
,13,7,33,,BAIK
6,13,19,32,4,BAIK
6,,12,43,3,BAIK
3,,8,43,2,BAIK
19,,13,44,4,BAIK
12,,12,61,3,SEDANG
16,14,13,77,5,SEDANG
10,14,8,77,3,SEDANG
9,15,7,73,4,SEDANG
,14,7,38,2,BAIK
9,14,9,35,2,BAIK
5,14,15,46,3,BAIK
7,14,12,34,4,BAIK
25,14,13,59,3,SEDANG
10,14,11,47,3,BAIK
40,14,20,50,6,BAIK
7,14,14,45,3,BAIK
10,15,8,41,2,BAIK
,15,13,45,7,BAIK
8,14,19,50,10,BAIK
,14,25,53,3,SEDANG
,14,13,52,3,SEDANG
,14,10,46,3,BAIK
,14,10,41,3,BAIK
17,15,12,31,3,BAIK
13,14,9,40,2,BAIK
18,16,9,43,3,BAIK
31,15,11,39,3,BAIK
36,20,22,84,8,SEDANG
52,19,21,81,7,SEDANG
25,17,22,37,6,BAIK
69,27,23,54,5,SEDANG
35,26,7,36,4,BAIK
55,26,7,0,5,SEDANG
51,26,13,87,7,SEDANG
48,27,16,67,9,SEDANG
38,26,10,64,7,SEDANG
32,26,11,67,5,SEDANG
43,28,14,54,5,SEDANG
38,27,10,55,4,SEDANG
59,27,14,48,8,SEDANG
49,27,12,48,7,BAIK
25,26,7,26,5,BAIK
19,27,4,16,3,BAIK
21,27,4,16,3,BAIK
29,27,12,27,4,BAIK
27,0,0,0,0,BAIK
20,27,4,26,3,BAIK
28,27,9,21,3,BAIK
24,27,4,18,3,BAIK
24,27,4,20,3,BAIK
53,28,8,39,5,SEDANG
63,27,9,35,4,SEDANG
34,28,5,34,4,BAIK
33,28,0,29,2,BAIK
25,27,4,30,3,BAIK
0,28,5,30,4,BAIK
51,28,14,40,7,SEDANG
40,28,12,46,4,BAIK
33,28,13,30,8,BAIK
39,28,15,46,3,BAIK
30,28,8,35,5,BAIK
38,28,11,39,6,BAIK
35,28,14,34,4,BAIK
34,28,12,25,5,BAIK
30,28,3,20,3,BAIK
23,28,0,18,2,BAIK
17,28,0,18,2,BAIK
31,28,8,30,4,BAIK
25,29,4,26,5,BAIK
31,29,8,15,3,BAIK
22,28,9,27,3,BAIK
32,29,13,25,5,BAIK
37,28,13,27,6,BAIK
43,29,12,41,6,BAIK
39,29,17,43,5,BAIK
29,29,4,50,6,BAIK
27,29,7,41,6,BAIK
61,29,22,37,7,SEDANG
62,29,15,33,7,SEDANG
78,29,26,27,4,SEDANG
59,29,31,17,5,SEDANG
51,29,24,38,6,SEDANG
53,30,26,101,7,TIDAK SEHAT
54,29,18,114,8,TIDAK SEHAT
62,29,22,63,12,SEDANG
51,29,13,69,7,SEDANG
49,30,12,58,7,SEDANG
36,30,12,69,10,SEDANG
64,30,16,98,11,SEDANG
54,30,14,58,11,SEDANG
64,31,19,71,7,SEDANG
60,30,15,49,9,SEDANG
43,30,13,79,6,SEDANG
60,31,20,60,12,SEDANG
52,30,8,58,7,SEDANG
52,30,11,53,9,SEDANG
40,31,11,82,11,SEDANG
53,31,8,110,24,TIDAK SEHAT
77,31,21,65,18,SEDANG
60,31,8,73,12,SEDANG
75,32,23,57,11,SEDANG
72,32,14,41,13,SEDANG
71,32,8,36,9,SEDANG
47,32,4,27,6,BAIK
51,32,9,64,9,SEDANG
94,32,21,62,23,SEDANG
52,31,12,41,8,SEDANG
49,32,21,38,5,BAIK
28,31,7,23,4,BAIK
46,31,19,40,8,BAIK
41,32,9,44,7,BAIK
56,31,21,34,11,SEDANG
88,32,59,89,15,SEDANG
66,32,13,49,9,SEDANG
66,32,39,47,6,SEDANG
52,32,19,78,20,SEDANG
72,32,20,58,6,SEDANG
57,32,18,52,9,SEDANG
45,32,14,48,6,BAIK
27,33,5,17,5,BAIK
48,32,11,78,6,SEDANG
50,32,17,88,10,SEDANG
33,32,13,61,8,SEDANG
47,32,19,93,9,SEDANG
53,32,30,41,7,SEDANG
23,32,4,18,3,BAIK
28,32,5,25,3,BAIK
20,32,5,20,3,BAIK
30,32,6,19,4,BAIK
52,33,17,97,9,SEDANG
44,33,11,85,8,SEDANG
43,33,8,85,11,SEDANG
53,33,16,51,11,SEDANG
71,33,17,76,4,SEDANG
64,33,28,72,6,SEDANG
83,34,15,62,7,SEDANG
84,33,12,73,12,SEDANG
62,33,14,95,16,SEDANG
65,33,20,76,10,SEDANG
63,33,18,50,9,SEDANG
71,33,22,66,17,SEDANG
55,33,19,63,10,SEDANG
70,34,10,50,13,SEDANG
93,34,18,38,8,SEDANG
57,34,6,36,8,SEDANG
66,34,35,63,10,SEDANG
56,34,14,63,8,SEDANG
54,40,9,28,10,SEDANG
63,43,11,91,10,SEDANG
68,43,11,85,6,SEDANG
62,39,15,85,7,SEDANG
,41,19,,9,BAIK
55,42,13,,10,SEDANG
56,42,12,58,11,SEDANG
48,40,12,,9,BAIK
53,40,15,,9,SEDANG
50,41,17,53,9,SEDANG
69,42,,47,14,SEDANG
80,41,,37,7,SEDANG
82,44,21,78,9,SEDANG
84,42,10,93,10,SEDANG
70,42,11,76,8,SEDANG
71,41,13,67,10,SEDANG
85,46,12,83,10,SEDANG
88,44,12,93,9,SEDANG
102,44,15,,15,TIDAK SEHAT
76,42,8,73,7,SEDANG
83,44,15,77,9,SEDANG
91,44,8,84,10,SEDANG
80,46,10,56,15,SEDANG
65,45,6,56,8,SEDANG
70,44,7,75,11,SEDANG
82,44,9,,9,SEDANG
95,44,7,,7,SEDANG
83,45,9,,8,SEDANG
107,46,,98,18,TIDAK SEHAT
63,46,,62,7,SEDANG
63,43,13,,5,SEDANG
62,48,18,,8,SEDANG
56,45,11,,6,SEDANG
30,41,11,24,6,BAIK
57,43,22,67,9,SEDANG
81,45,23,,9,SEDANG
80,47,27,,13,SEDANG
82,45,21,72,10,SEDANG
53,44,16,65,13,SEDANG
60,48,12,51,7,SEDANG
68,49,15,,10,SEDANG
69,47,16,,11,SEDANG
73,46,16,82,8,SEDANG
80,46,23,,11,SEDANG
67,47,14,45,9,SEDANG
84,46,23,,11,SEDANG
54,44,16,,11,SEDANG
74,47,17,,9,SEDANG
74,47,19,,6,SEDANG
67,48,12,63,7,SEDANG
55,44,20,70,9,SEDANG
65,47,15,81,7,SEDANG
66,49,13,95,8,SEDANG
78,48,20,,8,SEDANG
91,48,23,,8,SEDANG
109,46,25,,6,TIDAK SEHAT
60,46,13,,5,SEDANG
66,47,29,,4,SEDANG
22,44,8,29,3,BAIK
20,44,7,35,3,BAIK
57,44,27,,6,SEDANG
42,44,13,,5,BAIK
28,44,8,36,4,BAIK
41,44,16,41,7,BAIK
54,47,10,39,5,SEDANG
51,46,8,43,5,SEDANG
65,47,12,58,7,SEDANG
70,47,12,72,5,SEDANG
59,49,11,87,7,SEDANG
89,49,19,,8,SEDANG
93,48,31,79,11,SEDANG
62,47,13,65,6,SEDANG
46,47,13,63,10,SEDANG
61,50,18,,15,SEDANG
53,50,11,71,9,SEDANG
57,50,16,,9,SEDANG
78,51,21,80,10,SEDANG
71,49,29,46,7,SEDANG
73,49,32,70,9,SEDANG
70,50,10,83,6,SEDANG
94,51,27,77,13,SEDANG
89,51,20,76,7,SEDANG
76,49,22,86,6,SEDANG
66,48,22,122,12,TIDAK SEHAT
71,50,19,108,6,TIDAK SEHAT
67,49,14,70,6,SEDANG
75,50,21,86,8,SEDANG
71,50,14,,7,SEDANG
70,51,17,59,7,SEDANG
63,50,15,69,7,SEDANG
56,50,13,58,4,SEDANG
50,50,13,48,5,BAIK
64,51,12,,4,SEDANG
56,51,12,58,5,SEDANG
54,51,10,65,4,SEDANG
64,51,11,93,5,SEDANG
79,51,19,79,4,SEDANG
81,51,19,80,4,SEDANG
85,50,20,56,3,SEDANG
,51,19,83,6,SEDANG
,51,24,109,7,TIDAK SEHAT
54,50,14,85,9,SEDANG
59,50,33,83,7,SEDANG
68,51,18,70,4,SEDANG
69,51,15,62,1,SEDANG
80,51,21,94,5,SEDANG
87,50,23,66,,SEDANG
66,51,19,,3,SEDANG
72,51,16,86,3,SEDANG
73,51,13,62,3,SEDANG
60,51,8,56,2,SEDANG
58,50,9,62,,SEDANG
86,51,15,64,,SEDANG
92,51,25,91,,SEDANG
101,52,19,51,,TIDAK SEHAT
61,51,10,50,,SEDANG
64,51,9,52,,SEDANG
71,52,12,48,,SEDANG
77,51,17,41,,SEDANG
66,51,12,39,,SEDANG
77,52,14,103,,TIDAK SEHAT
62,51,13,45,,SEDANG
74,51,13,68,8,SEDANG
64,51,9,62,7,SEDANG
78,51,10,65,11,SEDANG
107,51,19,57,10,TIDAK SEHAT
103,52,18,89,11,TIDAK SEHAT
64,52,9,64,9,SEDANG
66,51,18,55,12,SEDANG
68,51,13,51,11,SEDANG
78,52,11,56,12,SEDANG
72,52,11,61,10,SEDANG
59,52,9,86,8,SEDANG
65,51,14,75,9,SEDANG
91,52,17,67,20,SEDANG
71,53,14,120,11,TIDAK SEHAT
89,53,18,105,11,TIDAK SEHAT
93,52,23,99,11,SEDANG
75,52,16,57,12,SEDANG
60,52,11,56,9,SEDANG
66,52,8,40,10,SEDANG
60,52,7,79,7,SEDANG
58,52,7,83,7,SEDANG
77,54,14,63,21,SEDANG
68,52,15,93,12,SEDANG
81,53,22,75,13,SEDANG
73,54,12,64,9,SEDANG
68,52,15,62,12,SEDANG
75,51,22,47,11,SEDANG
45,51,6,22,6,SEDANG
61,51,29,89,12,SEDANG
69,,13,86,8,SEDANG
54,52,11,43,11,SEDANG
47,,12,61,10,SEDANG
55,52,23,52,9,SEDANG
58,51,28,56,13,SEDANG
56,52,15,72,11,SEDANG
66,52,16,50,9,SEDANG
62,52,8,56,8,SEDANG
71,52,17,76,9,SEDANG
66,52,10,57,9,SEDANG
72,52,17,64,13,SEDANG
58,51,27,82,14,SEDANG
67,52,16,75,22,SEDANG
77,52,16,81,16,SEDANG
55,52,23,72,15,SEDANG
52,53,8,69,10,SEDANG
61,53,5,89,8,SEDANG
44,53,6,55,10,SEDANG
52,52,11,62,10,SEDANG
61,53,9,91,15,SEDANG
57,52,16,86,14,SEDANG
51,52,25,71,13,SEDANG
84,53,42,104,15,TIDAK SEHAT
67,53,13,80,9,SEDANG
66,52,16,78,10,SEDANG
51,52,10,110,8,TIDAK SEHAT
52,52,9,93,10,SEDANG
61,53,9,53,12,SEDANG
56,53,10,77,14,SEDANG
73,52,15,69,11,SEDANG
80,52,29,53,9,SEDANG
74,52,16,52,15,SEDANG
57,52,9,77,12,SEDANG
55,53,6,100,9,SEDANG
83,54,8,98,10,SEDANG
65,53,8,86,15,SEDANG
66,53,4,71,24,SEDANG
72,53,7,63,12,SEDANG
54,53,,,7,SEDANG
51,53,6,,10,SEDANG
57,53,18,49,9,SEDANG
59,53,15,,10,SEDANG
52,53,10,106,11,TIDAK SEHAT
58,53,12,122,12,TIDAK SEHAT
48,52,9,99,9,SEDANG
51,53,13,52,11,SEDANG
54,53,19,89,11,SEDANG
46,53,10,98,20,SEDANG
72,53,11,85,15,SEDANG
51,53,20,126,18,TIDAK SEHAT
55,53,16,55,10,SEDANG
,53,16,80,8,SEDANG
,53,12,79,9,SEDANG
59,54,,97,15,SEDANG
65,53,13,117,10,TIDAK SEHAT
51,53,10,50,8,SEDANG
38,53,6,31,6,SEDANG
40,53,6,24,7,SEDANG
25,53,,24,3,SEDANG
12,52,,17,5,SEDANG
16,53,,17,4,SEDANG
25,53,,28,4,SEDANG
20,27,,24,6,BAIK
16,26,,17,4,BAIK
35,26,8,22,5,BAIK
39,27,,32,5,BAIK
30,27,,22,3,BAIK
37,27,7,50,6,BAIK
43,28,6,86,7,SEDANG
41,31,5,66,8,SEDANG
41,29,,63,6,SEDANG
21,27,,28,5,BAIK
20,27,,17,3,BAIK
31,27,,20,4,BAIK
24,27,12,46,8,BAIK
24,27,,14,7,BAIK
35,28,7,58,13,SEDANG
41,28,7,35,7,BAIK
63,29,14,38,7,SEDANG
31,28,,27,7,BAIK
20,29,,32,7,BAIK
33,29,,38,8,BAIK
39,28,8,33,9,BAIK
35,28,15,34,7,BAIK
25,28,,33,5,BAIK
28,30,,37,4,BAIK
38,30,,43,5,BAIK
30,29,,30,5,BAIK
38,30,,33,4,BAIK
55,30,,27,5,SEDANG
29,30,,48,6,BAIK
72,35,27,77,13,SEDANG
60,34,19,56,9,SEDANG
63,33,25,36,9,SEDANG
0,17,38,54,5,SEDANG
0,17,33,44,3,BAIK
0,16,31,46,4,BAIK
0,16,35,48,5,BAIK
0,17,35,35,7,BAIK
0,17,34,41,6,BAIK
0,17,34,39,5,BAIK
0,17,36,37,6,BAIK
0,16,34,37,7,BAIK
8,14,51,43,17,SEDANG
6,12,43,44,8,BAIK
7,12,43,35,9,BAIK
8,11,27,15,3,BAIK
7,11,23,15,2,BAIK
6,11,25,27,3,BAIK
2,11,27,19,3,BAIK
5,11,0,33,0,BAIK
6,11,25,26,6,BAIK
5,11,24,16,3,BAIK
7,11,24,17,0,BAIK
7,11,25,34,5,BAIK
7,11,35,33,10,BAIK
6,11,36,26,9,BAIK
6,11,30,34,7,BAIK
6,11,28,23,3,BAIK
6,11,28,26,7,BAIK
5,11,29,37,14,BAIK
5,11,28,42,6,BAIK
6,11,29,26,13,BAIK
7,11,28,41,5,BAIK
6,11,26,42,7,BAIK
6,11,29,24,11,BAIK
8,13,27,39,9,BAIK
5,15,30,29,10,BAIK
6,13,28,22,5,BAIK
6,13,26,21,3,BAIK
3,13,26,16,2,BAIK
7,15,34,22,8,BAIK
6,16,30,26,6,BAIK
7,15,32,17,7,BAIK
4,17,31,24,7,BAIK
6,14,36,27,10,BAIK
5,12,34,28,11,BAIK
6,13,36,35,13,BAIK
6,16,47,43,16,BAIK
7,18,36,54,10,SEDANG
4,16,29,32,8,BAIK
5,14,48,32,14,BAIK
7,15,45,28,13,BAIK
0,13,80,24,10,SEDANG
6,14,52,20,10,SEDANG
8,15,70,46,20,SEDANG
7,25,40,56,15,SEDANG
8,15,41,113,16,TIDAK SEHAT
7,14,50,86,15,SEDANG
8,14,43,66,10,SEDANG
6,20,44,53,14,SEDANG
6,13,39,56,8,SEDANG
7,14,46,52,16,SEDANG
6,17,41,39,13,BAIK
9,21,44,57,11,SEDANG
6,16,54,49,15,SEDANG
5,19,43,88,12,SEDANG
6,16,41,56,10,SEDANG
5,18,38,47,11,BAIK
4,18,37,44,15,BAIK
5,15,40,71,16,SEDANG
5,16,34,87,10,SEDANG
6,17,51,58,22,SEDANG
7,17,45,74,18,SEDANG
6,15,48,52,15,SEDANG
5,14,35,53,10,SEDANG
52,28,33,46,9,SEDANG
36,15,34,24,6,BAIK
30,16,31,88,8,SEDANG
61,18,40,99,13,SEDANG
48,14,51,37,22,SEDANG
48,17,46,42,10,BAIK
34,14,0,23,0,BAIK
44,20,0,22,0,BAIK
27,15,40,33,23,BAIK
25,13,46,33,24,BAIK
74,18,93,89,15,SEDANG
54,16,39,43,15,SEDANG
62,16,61,41,11,SEDANG
42,17,39,50,15,BAIK
61,17,68,50,11,SEDANG
49,15,53,46,9,SEDANG
30,15,32,19,7,BAIK
18,16,26,17,5,BAIK
33,16,28,70,9,SEDANG
42,14,45,63,16,SEDANG
24,15,37,53,10,SEDANG
30,14,41,62,12,SEDANG
32,14,38,38,12,BAIK
14,15,26,17,5,BAIK
20,16,,30,,BAIK
17,14,17,17,4,BAIK
21,14,21,31,5,BAIK
50,15,42,44,11,BAIK
45,14,,68,11,SEDANG
34,13,,66,,SEDANG
39,14,47,71,14,SEDANG
53,14,33,65,21,SEDANG
52,16,36,63,11,SEDANG
56,15,53,72,13,SEDANG
66,17,56,89,14,SEDANG
77,18,62,104,22,TIDAK SEHAT
63,18,60,139,16,TIDAK SEHAT
55,17,57,63,16,SEDANG
62,16,38,127,11,TIDAK SEHAT
64,14,57,64,16,SEDANG
45,16,61,93,14,SEDANG
44,17,39,57,9,SEDANG
60,15,70,57,18,SEDANG
32,15,11,57,11,SEDANG
53,16,,78,,SEDANG
51,15,,54,,SEDANG
45,15,1,,7,BAIK
50,16,1,68,9,SEDANG
55,17,1,104,15,TIDAK SEHAT
50,14,1,71,12,SEDANG
59,17,1,102,16,TIDAK SEHAT
52,14,1,96,11,SEDANG
51,16,1,61,13,SEDANG
50,18,1,44,16,BAIK
46,14,1,70,15,SEDANG
52,15,1,63,20,SEDANG
60,16,1,54,20,SEDANG
64,16,8,31,17,SEDANG
66,17,50,90,20,SEDANG
84,18,50,95,19,SEDANG
56,17,39,80,14,SEDANG
58,18,38,76,13,SEDANG
67,20,41,93,14,SEDANG
70,17,41,105,14,TIDAK SEHAT
73,17,46,90,19,SEDANG
52,17,37,124,13,TIDAK SEHAT
69,18,61,126,18,TIDAK SEHAT
70,19,49,85,17,SEDANG
53,16,33,71,11,SEDANG
53,19,36,58,13,SEDANG
52,18,36,109,15,TIDAK SEHAT
61,20,40,96,16,SEDANG
64,16,38,83,17,SEDANG
68,18,46,123,14,TIDAK SEHAT
73,20,44,118,18,TIDAK SEHAT
55,20,33,72,13,SEDANG
55,18,34,40,10,SEDANG
52,22,40,37,15,SEDANG
37,21,31,31,15,BAIK
23,15,29,24,7,BAIK
50,18,43,73,10,SEDANG
59,20,43,85,11,SEDANG
61,16,41,87,14,SEDANG
60,17,45,76,16,SEDANG
36,16,37,76,15,SEDANG
42,22,36,43,14,BAIK
44,24,32,32,16,BAIK
45,22,32,54,16,SEDANG
53,20,38,82,16,SEDANG
58,17,41,67,15,SEDANG
45,17,33,60,10,SEDANG
60,18,46,90,17,SEDANG
48,17,34,61,14,SEDANG
54,20,35,62,13,SEDANG
51,20,38,29,15,SEDANG
44,21,31,65,16,SEDANG
50,16,38,61,14,SEDANG
42,17,35,69,15,SEDANG
48,20,37,90,14,SEDANG
61,20,51,60,15,SEDANG
84,19,73,47,22,SEDANG
70,20,47,54,17,SEDANG
52,18,33,36,9,SEDANG
54,18,56,35,8,SEDANG
15,16,26,35,4,BAIK
13,15,24,44,5,BAIK
39,17,53,45,14,SEDANG
27,16,30,59,10,SEDANG
20,15,25,50,6,BAIK
28,18,42,48,12,BAIK
41,19,28,45,9,BAIK
31,18,28,44,9,BAIK
39,18,31,64,10,SEDANG
51,18,29,86,14,SEDANG
53,17,33,93,15,SEDANG
65,22,45,121,18,TIDAK SEHAT
79,19,70,103,25,TIDAK SEHAT
51,18,33,93,11,SEDANG
29,17,33,58,10,SEDANG
45,,,,,BAIK
38,,,,,BAIK
52,20,39,107,18,TIDAK SEHAT
59,23,39,94,15,SEDANG
67,20,52,46,19,SEDANG
60,20,44,69,19,SEDANG
51,19,35,109,10,TIDAK SEHAT
72,20,48,87,20,SEDANG
69,25,41,153,15,TIDAK SEHAT
57,19,39,86,19,SEDANG
44,16,32,98,12,SEDANG
52,18,39,94,19,SEDANG
50,17,33,77,14,SEDANG
50,16,40,94,16,SEDANG
50,18,35,75,17,SEDANG
48,21,42,60,18,SEDANG
55,19,38,118,15,TIDAK SEHAT
53,19,35,90,12,SEDANG
32,17,31,56,10,SEDANG
42,17,38,88,14,SEDANG
41,17,32,77,9,SEDANG
52,18,34,71,18,SEDANG
34,19,35,57,,SEDANG
36,19,33,107,,TIDAK SEHAT
52,20,35,85,,SEDANG
62,21,37,69,10,SEDANG
61,20,39,60,8,SEDANG
72,22,40,49,11,SEDANG
59,22,38,89,15,SEDANG
63,18,39,97,9,SEDANG
49,17,32,73,9,SEDANG
59,18,31,81,9,SEDANG
61,22,33,63,9,SEDANG
59,18,28,45,7,SEDANG
68,17,35,112,10,TIDAK SEHAT
69,19,38,108,9,TIDAK SEHAT
57,20,34,87,6,SEDANG
47,20,35,98,7,SEDANG
54,23,34,86,7,SEDANG
53,20,31,59,4,SEDANG
47,18,30,88,4,SEDANG
54,22,32,76,8,SEDANG
61,21,42,102,9,TIDAK SEHAT
75,22,42,98,10,SEDANG
61,19,37,60,9,SEDANG
47,19,31,61,4,SEDANG
57,25,37,50,9,SEDANG
58,21,37,42,6,SEDANG
59,20,35,41,7,SEDANG
59,22,36,131,8,TIDAK SEHAT
57,19,34,60,16,SEDANG
54,19,31,64,11,SEDANG
53,19,27,74,6,SEDANG
58,20,29,87,4,SEDANG
66,20,39,73,7,SEDANG
62,20,35,147,7,TIDAK SEHAT
61,19,,75,,SEDANG
54,18,39,62,10,SEDANG
,21,37,45,12,BAIK
57,22,26,64,8,SEDANG
57,23,34,71,10,SEDANG
52,18,27,84,4,SEDANG
53,18,29,95,9,SEDANG
56,17,37,77,8,SEDANG
54,19,30,100,9,SEDANG
,22,36,119,9,TIDAK SEHAT
65,21,31,93,10,SEDANG
61,20,24,73,6,SEDANG
57,19,26,78,8,SEDANG
55,21,25,46,9,SEDANG
52,20,22,77,7,SEDANG
52,18,28,72,8,SEDANG
,18,25,60,11,SEDANG
61,20,26,148,6,TIDAK SEHAT
,21,31,121,11,TIDAK SEHAT
,20,26,86,6,SEDANG
,20,25,85,7,SEDANG
,19,30,52,9,SEDANG
62,18,27,30,6,SEDANG
58,18,52,117,14,TIDAK SEHAT
59,22,39,89,13,SEDANG
48,19,39,61,12,SEDANG
43,18,34,47,4,BAIK
43,18,47,57,13,SEDANG
45,17,43,66,14,SEDANG
53,19,41,78,10,SEDANG
,19,40,56,9,SEDANG
,21,40,51,9,SEDANG
,18,39,99,7,SEDANG
,18,,64,,SEDANG
,18,38,79,6,SEDANG
,18,40,65,11,SEDANG
,19,40,107,8,TIDAK SEHAT
,18,39,103,8,TIDAK SEHAT
,18,39,131,10,TIDAK SEHAT
,18,32,86,5,SEDANG
,20,30,103,4,TIDAK SEHAT
,21,31,54,5,SEDANG
,21,47,88,11,SEDANG
,21,31,123,7,TIDAK SEHAT
,19,44,75,13,SEDANG
,18,43,168,9,TIDAK SEHAT
,20,53,128,14,TIDAK SEHAT
,18,39,86,8,SEDANG
,20,37,89,7,SEDANG
,19,49,61,14,SEDANG
,19,38,67,8,SEDANG
,20,32,43,6,BAIK
,22,33,126,13,TIDAK SEHAT
,19,37,87,9,SEDANG
,19,52,90,11,SEDANG
,19,39,95,7,SEDANG
,18,32,89,5,SEDANG
,22,33,144,7,TIDAK SEHAT
,22,37,122,10,TIDAK SEHAT
,21,32,160,8,TIDAK SEHAT
,19,34,91,6,SEDANG
,18,43,81,10,SEDANG
,18,32,62,8,SEDANG
,18,31,40,11,BAIK
,19,47,65,17,SEDANG
48,21,34,58,8,SEDANG
40,20,45,100,13,SEDANG
,21,35,125,10,TIDAK SEHAT
,19,33,75,6,SEDANG
39,18,37,62,8,SEDANG
58,18,42,93,13,SEDANG
47,20,32,98,11,SEDANG
59,23,30,103,9,TIDAK SEHAT
57,19,57,84,25,SEDANG
53,21,31,110,10,TIDAK SEHAT
56,18,36,85,8,SEDANG
52,19,34,96,12,SEDANG
51,19,35,153,6,TIDAK SEHAT
56,20,41,83,11,SEDANG
53,19,48,62,12,SEDANG
26,18,29,23,3,BAIK
29,19,30,24,5,BAIK
16,20,25,25,2,BAIK
13,17,26,24,3,BAIK
17,17,26,22,3,BAIK
17,18,25,36,,BAIK
25,20,32,43,10,BAIK
14,20,23,19,,BAIK
26,19,30,19,5,BAIK
33,18,31,26,3,BAIK
19,19,25,30,,BAIK
28,18,27,27,4,BAIK
31,19,29,49,6,BAIK
32,22,29,52,7,SEDANG
23,22,27,46,4,BAIK
25,20,29,39,5,BAIK
14,18,25,22,2,BAIK
24,19,27,29,3,BAIK
20,18,36,29,9,BAIK
19,18,38,19,10,BAIK
22,20,28,37,4,BAIK
26,19,27,30,3,BAIK
46,25,38,25,10,BAIK
28,20,31,25,11,BAIK
30,23,30,26,8,BAIK
27,19,27,33,6,BAIK
37,20,31,32,9,BAIK
37,20,28,35,9,BAIK
27,20,37,35,10,BAIK
31,21,27,32,9,BAIK
28,22,29,24,5,BAIK
18,18,26,19,,BAIK
19,20,26,32,,BAIK
21,21,26,30,4,BAIK
29,23,26,46,5,BAIK
55,28,38,47,10,SEDANG
51,26,31,49,8,SEDANG
52,23,40,33,8,SEDANG
35,20,22,27,2,BAIK
14,18,12,17,1,BAIK
24,21,20,19,2,BAIK
23,19,17,21,2,BAIK
18,19,14,24,2,BAIK
21,20,14,27,2,BAIK
48,27,19,44,3,BAIK
24,23,16,29,2,BAIK
28,23,16,44,3,BAIK
40,30,18,36,4,BAIK
35,22,18,38,4,BAIK
39,23,17,50,4,BAIK
31,23,17,38,4,BAIK
30,21,19,33,3,BAIK
24,23,19,29,3,BAIK
35,23,19,34,4,BAIK
41,22,22,23,5,BAIK
46,22,27,20,5,BAIK
27,20,18,23,2,BAIK
25,20,17,25,2,BAIK
17,20,17,18,2,BAIK
28,21,17,34,3,BAIK
33,23,20,39,3,BAIK
26,20,19,19,3,BAIK
21,20,19,25,3,BAIK
27,21,19,37,3,BAIK
32,22,17,23,4,BAIK
22,20,17,19,2,BAIK
27,21,20,23,3,BAIK
28,21,20,27,3,BAIK
59,29,36,33,9,SEDANG
18,28,5,33,14,BAIK
52,33,15,73,23,SEDANG
53,49,12,47,15,SEDANG
35,32,11,19,10,BAIK
20,28,6,24,5,BAIK
21,29,6,24,5,BAIK
43,33,12,48,17,BAIK
23,30,5,18,14,BAIK
21,30,6,45,17,BAIK
22,31,6,41,19,BAIK
29,29,7,24,17,BAIK
26,30,5,26,21,BAIK
28,30,6,31,14,BAIK
24,30,11,31,12,BAIK
25,32,13,33,10,BAIK
34,31,11,30,13,BAIK
25,30,11,17,15,BAIK
28,29,26,21,19,BAIK
16,29,9,24,7,BAIK
24,29,9,27,8,BAIK
26,29,10,22,6,BAIK
24,30,8,35,9,BAIK
29,,9,28,19,BAIK
18,,9,20,15,BAIK
20,13,8,37,7,BAIK
26,13,7,34,6,BAIK
28,13,7,22,6,BAIK
19,13,8,25,7,BAIK
20,13,9,28,7,BAIK
25,18,9,39,12,BAIK
14,17,22,35,5,BAIK
17,16,7,39,3,BAIK
15,16,15,101,8,TIDAK SEHAT
11,16,14,57,5,SEDANG
21,16,17,28,6,BAIK
16,16,7,30,4,BAIK
17,16,8,30,3,BAIK
46,16,14,58,5,SEDANG
42,17,12,63,6,SEDANG
42,18,13,50,7,BAIK
38,21,9,45,5,BAIK
20,18,11,62,7,SEDANG
50,20,13,49,6,BAIK
24,18,7,50,3,BAIK
11,16,8,44,3,BAIK
12,16,7,43,1,BAIK
29,16,12,28,6,BAIK
29,,20,35,,BAIK
13,16,6,32,2,BAIK
19,,6,31,1,BAIK
13,,6,32,,BAIK
18,16,8,53,3,SEDANG
23,16,8,49,3,BAIK
17,15,6,30,1,BAIK
20,15,7,31,3,BAIK
18,16,6,41,1,BAIK
32,16,8,52,2,SEDANG
17,15,6,27,,BAIK
23,15,7,30,2,BAIK
76,31,31,33,6,SEDANG
23,31,7,36,3,BAIK
53,35,16,96,10,SEDANG
53,33,12,49,9,SEDANG
44,32,12,18,6,BAIK
18,30,5,21,4,BAIK
26,30,8,19,5,BAIK
62,32,16,48,6,SEDANG
45,32,11,37,7,BAIK
36,34,12,55,9,SEDANG
37,38,9,43,7,BAIK
37,33,13,47,9,BAIK
51,,13,,8,SEDANG
26,72,7,29,5,SEDANG
22,72,11,,7,SEDANG
18,70,7,,5,SEDANG
35,52,12,28,11,SEDANG
38,52,19,,10,SEDANG
36,51,29,24,13,SEDANG
24,51,7,29,5,SEDANG
21,51,6,31,4,SEDANG
20,52,7,25,3,SEDANG
22,52,7,45,5,SEDANG
33,53,15,38,7,SEDANG
21,53,8,23,6,SEDANG
18,53,7,19,5,SEDANG
23,54,6,31,4,SEDANG
34,55,9,33,6,SEDANG
16,54,8,13,5,SEDANG
14,,8,16,4,BAIK
21,54,8,31,5,SEDANG
45,19,38,20,4,BAIK
11,17,24,16,,BAIK
40,21,35,45,11,BAIK
36,20,34,9,8,BAIK
31,18,26,9,5,BAIK
15,18,22,31,3,BAIK
18,19,7,46,4,BAIK
47,27,13,73,11,SEDANG
29,24,16,61,10,SEDANG
,26,11,95,8,SEDANG
,37,7,81,11,SEDANG
32,25,,83,13,SEDANG
43,28,,93,12,SEDANG
33,23,,73,8,SEDANG
20,21,4,70,7,SEDANG
18,46,10,61,2,SEDANG
30,46,9,60,3,SEDANG
33,47,13,56,4,SEDANG
32,42,27,48,5,BAIK
16,40,10,38,2,BAIK
19,40,18,40,2,BAIK
20,38,11,32,2,BAIK
18,42,,57,,SEDANG
31,47,,86,2,SEDANG
19,41,22,51,2,SEDANG
17,41,17,41,2,BAIK
19,44,16,63,2,SEDANG
29,43,20,45,3,BAIK
16,41,18,39,2,BAIK
17,41,22,41,2,BAIK
16,42,21,58,1,SEDANG
44,21,19,31,3,BAIK
46,23,26,30,4,BAIK
18,21,19,27,3,BAIK
22,20,16,27,2,BAIK
31,19,19,27,3,BAIK
24,21,35,31,5,BAIK
28,23,38,29,3,BAIK
13,24,26,,4,BAIK
24,25,19,30,3,BAIK
15,20,21,43,3,BAIK
41,21,22,40,5,BAIK
37,21,25,36,6,BAIK
21,22,32,25,5,BAIK
20,22,23,42,3,BAIK
13,22,17,24,3,BAIK
29,22,19,40,3,BAIK
19,21,20,34,3,BAIK
24,28,22,29,4,BAIK
37,21,19,29,3,BAIK
27,23,28,18,4,BAIK
49,25,29,25,4,BAIK
32,22,19,39,3,BAIK
23,20,16,42,2,BAIK
36,22,22,41,4,BAIK
44,22,26,30,4,BAIK
48,21,26,21,3,BAIK
32,18,37,,13,BAIK
45,22,56,,12,SEDANG
25,21,35,39,10,BAIK
24,21,35,29,12,BAIK
24,20,32,40,9,BAIK
41,27,71,55,16,SEDANG
38,23,60,,14,SEDANG
43,22,62,41,22,SEDANG
38,24,62,,14,SEDANG
31,23,52,,16,SEDANG
31,25,39,,12,BAIK
36,21,56,55,12,SEDANG
44,20,32,53,13,SEDANG
34,22,9,,17,BAIK
28,22,18,,15,BAIK
20,22,13,54,14,SEDANG
39,24,14,42,14,BAIK
19,23,6,60,9,SEDANG
26,24,6,58,14,SEDANG
29,27,7,42,14,BAIK
51,26,12,66,26,SEDANG
45,26,12,26,19,BAIK
56,26,13,,12,SEDANG
24,23,,54,11,SEDANG
28,26,4,69,11,SEDANG
38,25,10,65,15,SEDANG
36,25,17,35,17,BAIK
48,28,15,26,16,BAIK
32,15,11,60,9,SEDANG
47,16,17,68,6,SEDANG
42,,19,57,6,SEDANG
35,,15,54,9,SEDANG
28,,10,52,5,SEDANG
37,16,16,57,5,SEDANG
28,15,16,57,5,SEDANG
55,15,25,52,7,SEDANG
38,16,46,53,9,SEDANG
43,15,16,49,6,BAIK
48,16,11,53,5,SEDANG
50,15,19,58,6,SEDANG
57,16,12,65,5,SEDANG
60,15,14,69,5,SEDANG
51,15,31,41,8,SEDANG
22,15,8,30,2,BAIK
42,15,14,37,4,BAIK
40,15,11,56,4,SEDANG
45,16,11,46,3,BAIK
45,19,15,46,8,BAIK
56,18,15,45,6,SEDANG
50,18,18,47,6,BAIK
59,18,15,58,7,SEDANG
47,16,12,76,5,SEDANG
48,17,13,71,10,SEDANG
46,17,17,79,9,SEDANG
47,17,16,64,5,SEDANG
56,18,22,80,13,SEDANG
37,43,21,40,9,BAIK
44,45,33,41,12,BAIK
39,44,16,39,12,BAIK
32,47,17,34,11,BAIK
26,46,11,26,7,BAIK
45,48,23,38,11,BAIK
42,50,23,35,11,BAIK
52,49,38,31,11,SEDANG
53,,47,30,10,SEDANG
40,2,30,34,10,BAIK
35,3,12,29,7,BAIK
50,2,24,40,7,BAIK
57,2,17,38,10,SEDANG
55,2,47,22,12,SEDANG
19,2,11,31,5,BAIK
53,3,18,31,11,SEDANG
30,3,11,45,6,BAIK
30,3,11,34,7,BAIK
45,5,22,41,11,BAIK
57,5,12,41,11,SEDANG
53,4,20,35,10,SEDANG
64,5,20,61,14,SEDANG
41,2,12,42,10,BAIK
,3,13,64,10,SEDANG
,4,10,58,10,SEDANG
37,3,19,52,12,SEDANG
54,2,16,43,10,SEDANG
34,43,32,73,3,SEDANG
46,45,34,61,4,SEDANG
35,38,21,59,3,SEDANG
27,36,28,57,3,SEDANG
24,35,28,66,3,SEDANG
40,40,59,75,6,SEDANG
37,38,38,89,4,SEDANG
39,,35,89,,SEDANG
53,,88,65,,SEDANG
32,8,34,58,,SEDANG
33,16,24,56,,SEDANG
44,,43,70,,SEDANG
50,10,25,75,5,SEDANG
44,11,27,80,6,SEDANG
46,12,63,58,5,SEDANG
19,7,17,68,3,SEDANG
34,10,23,48,3,BAIK
28,10,23,80,2,SEDANG
24,11,20,65,4,SEDANG
52,32,35,62,7,SEDANG
39,9,22,65,2,SEDANG
52,14,66,38,5,SEDANG
63,21,88,42,5,SEDANG
26,10,22,74,3,SEDANG
23,6,20,91,3,SEDANG
31,10,33,80,4,SEDANG
33,9,42,60,4,SEDANG
39,11,56,56,4,SEDANG
52,22,24,66,4,SEDANG
48,21,23,82,4,SEDANG
57,23,19,51,3,SEDANG
42,22,29,130,5,TIDAK SEHAT
37,20,20,37,3,BAIK
51,28,20,30,4,SEDANG
47,23,24,27,4,BAIK
49,22,26,50,4,BAIK
57,26,29,42,5,SEDANG
49,24,27,23,3,BAIK
36,25,18,32,2,BAIK
36,24,20,24,3,BAIK
49,23,20,23,2,BAIK
52,22,20,36,3,SEDANG
54,28,24,59,5,SEDANG
52,28,20,72,7,SEDANG
62,26,24,56,6,SEDANG
68,24,46,91,4,SEDANG
42,25,21,68,4,SEDANG
44,24,23,133,6,TIDAK SEHAT
47,24,27,67,4,SEDANG
30,23,18,33,3,BAIK
67,24,37,53,7,SEDANG
66,27,23,28,4,SEDANG
26,21,16,40,3,BAIK
48,22,24,40,4,BAIK
25,24,20,91,1,SEDANG
52,24,31,87,4,SEDANG
31,23,26,24,5,BAIK
22,23,31,28,2,BAIK
14,22,15,21,1,BAIK
48,24,13,119,19,TIDAK SEHAT
47,29,13,146,17,TIDAK SEHAT
59,30,,68,15,SEDANG
60,30,17,154,15,TIDAK SEHAT
28,23,9,57,20,SEDANG
36,25,12,56,16,SEDANG
41,26,17,52,21,SEDANG
55,29,31,89,22,SEDANG
56,30,21,59,27,SEDANG
32,25,11,31,12,BAIK
26,25,6,31,10,BAIK
28,24,9,28,9,BAIK
35,25,11,33,8,BAIK
43,31,11,34,11,BAIK
68,37,22,136,30,TIDAK SEHAT
62,30,12,90,15,SEDANG
71,32,17,92,20,SEDANG
72,31,43,109,14,TIDAK SEHAT
43,27,9,99,15,SEDANG
48,29,9,170,15,TIDAK SEHAT
44,25,19,87,14,SEDANG
25,25,7,46,9,BAIK
71,44,31,32,21,SEDANG
63,30,17,55,17,SEDANG
24,24,10,64,19,SEDANG
46,27,17,90,19,SEDANG
34,22,8,94,7,SEDANG
71,31,42,195,21,TIDAK SEHAT
55,34,12,129,15,TIDAK SEHAT
56,30,22,105,18,TIDAK SEHAT
31,25,6,54,7,SEDANG
62,16,23,99,7,SEDANG
43,16,14,110,12,TIDAK SEHAT
57,18,15,80,10,SEDANG
52,16,25,100,7,SEDANG
55,15,27,69,7,SEDANG
63,18,16,103,7,TIDAK SEHAT
66,17,17,76,6,SEDANG
50,16,16,59,6,SEDANG
59,17,18,76,6,SEDANG
60,18,24,54,8,SEDANG
56,17,15,51,7,SEDANG
39,16,12,44,6,BAIK
27,18,9,61,4,SEDANG
62,,19,89,7,SEDANG
53,,17,75,6,SEDANG
54,17,12,136,7,TIDAK SEHAT
61,16,18,68,10,SEDANG
56,16,34,101,6,TIDAK SEHAT
50,16,11,111,5,TIDAK SEHAT
51,16,12,89,6,SEDANG
58,15,30,54,8,SEDANG
26,16,9,51,3,SEDANG
58,16,43,90,12,SEDANG
55,16,14,38,6,SEDANG
31,15,9,48,3,BAIK
29,16,18,56,7,SEDANG
37,15,10,50,4,BAIK
59,15,19,59,8,SEDANG
53,17,23,73,12,SEDANG
54,25,19,83,10,SEDANG
35,48,7,52,3,SEDANG
72,3,27,70,15,SEDANG
51,4,18,95,11,SEDANG
62,6,12,54,18,SEDANG
60,5,23,95,19,SEDANG
61,4,27,50,11,SEDANG
64,24,21,62,13,SEDANG
55,21,27,32,10,SEDANG
50,21,14,44,9,BAIK
53,22,21,48,12,SEDANG
53,23,23,27,9,SEDANG
39,22,14,32,8,BAIK
32,22,16,40,9,BAIK
33,25,9,33,5,BAIK
58,28,16,61,8,SEDANG
56,24,15,42,9,SEDANG
75,26,15,66,11,SEDANG
66,22,16,46,18,SEDANG
64,23,39,85,8,SEDANG
41,23,14,79,9,SEDANG
46,22,12,88,22,SEDANG
62,21,31,87,13,SEDANG
27,21,8,39,6,BAIK
75,22,30,90,10,SEDANG
60,23,15,37,11,SEDANG
36,21,11,38,9,BAIK
51,21,21,36,12,SEDANG
41,22,11,43,6,BAIK
75,23,30,66,26,SEDANG
71,25,22,105,19,TIDAK SEHAT
56,25,20,68,30,SEDANG
37,22,9,39,8,BAIK
51,13,40,126,5,TIDAK SEHAT
44,8,34,132,4,TIDAK SEHAT
53,15,37,109,5,TIDAK SEHAT
56,13,64,194,5,TIDAK SEHAT
48,10,48,79,3,SEDANG
48,25,30,98,4,SEDANG
44,11,48,68,3,SEDANG
33,13,47,107,3,TIDAK SEHAT
52,15,59,81,4,SEDANG
25,18,22,51,4,SEDANG
30,18,11,63,3,SEDANG
26,15,12,46,4,BAIK
25,28,6,49,2,BAIK
48,25,12,83,,SEDANG
54,13,23,110,,TIDAK SEHAT
44,17,13,191,,TIDAK SEHAT
57,13,18,155,5,TIDAK SEHAT
65,13,54,195,,TIDAK SEHAT
36,14,10,156,,TIDAK SEHAT
30,12,10,202,,SANGAT TIDAK SEHAT
55,,,,,SEDANG
23,,,,,BAIK
64,14,49,94,4,SEDANG
59,21,12,52,5,SEDANG
28,9,7,63,2,SEDANG
32,11,18,74,4,SEDANG
27,15,6,59,2,SEDANG
47,14,10,102,5,TIDAK SEHAT
68,14,19,113,5,TIDAK SEHAT
48,15,34,89,4,SEDANG
39,11,4,67,,SEDANG
25,22,17,22,1,BAIK
39,22,18,24,2,BAIK
45,22,27,23,2,BAIK
18,22,20,29,3,BAIK
8,24,25,16,4,BAIK
8,22,21,7,4,BAIK
8,23,21,6,4,BAIK
6,22,16,4,1,BAIK
11,22,20,10,3,BAIK
10,22,19,5,2,BAIK
50,22,20,25,2,BAIK
33,22,16,19,2,BAIK
33,22,16,29,2,BAIK
27,22,21,15,3,BAIK
53,22,23,44,2,SEDANG
56,23,25,22,7,SEDANG
46,22,20,30,5,BAIK
63,23,25,41,6,SEDANG
72,22,29,21,5,SEDANG
59,22,30,15,3,SEDANG
64,23,34,24,6,SEDANG
58,22,25,29,4,SEDANG
49,22,27,,2,BAIK
61,22,33,,3,SEDANG
69,22,35,,2,SEDANG
71,23,32,,3,SEDANG
50,22,22,,2,BAIK
53,22,23,,3,SEDANG
51,22,26,,5,SEDANG
54,23,22,,4,SEDANG
30,25,7,49,13,BAIK
34,27,8,55,19,SEDANG
36,26,12,53,26,SEDANG
45,28,9,82,28,SEDANG
69,37,19,148,18,TIDAK SEHAT
50,29,13,113,12,TIDAK SEHAT
58,31,12,51,12,SEDANG
41,28,7,47,12,BAIK
53,33,16,57,11,SEDANG
52,36,16,54,15,SEDANG
66,33,14,66,13,SEDANG
69,31,10,,14,SEDANG
54,,7,44,11,SEDANG
51,,14,56,12,SEDANG
52,27,19,,13,SEDANG
62,33,17,,18,SEDANG
57,26,10,68,14,SEDANG
76,29,26,,23,SEDANG
75,27,32,77,22,SEDANG
68,14,23,40,18,SEDANG
71,26,43,68,25,SEDANG
64,11,25,47,18,SEDANG
36,7,16,60,16,SEDANG
55,12,25,72,34,SEDANG
56,9,31,19,18,SEDANG
60,13,24,31,25,SEDANG
62,15,12,35,16,SEDANG
57,18,14,72,16,SEDANG
51,7,20,72,18,SEDANG
72,16,15,76,19,SEDANG
45,16,9,32,3,BAIK
46,16,13,37,3,BAIK
50,16,21,38,4,BAIK
38,18,12,51,7,SEDANG
69,21,29,156,10,TIDAK SEHAT
56,20,12,131,7,TIDAK SEHAT
53,17,29,74,9,SEDANG
42,,9,51,5,SEDANG
33,16,13,85,7,SEDANG
42,17,12,66,8,SEDANG
54,,15,92,8,SEDANG
58,58,13,55,7,SEDANG
50,56,13,93,6,SEDANG
24,15,13,97,7,SEDANG
27,16,13,80,5,SEDANG
33,15,16,79,13,SEDANG
53,16,21,80,15,SEDANG
40,15,20,80,9,SEDANG
52,18,22,81,8,SEDANG
43,16,26,66,11,SEDANG
37,16,21,93,7,SEDANG
28,16,22,71,7,SEDANG
31,14,17,43,7,BAIK
28,16,24,63,7,SEDANG
,16,33,48,7,BAIK
28,17,25,39,12,BAIK
26,16,15,43,6,BAIK
52,16,16,70,8,SEDANG
67,15,20,88,9,SEDANG
,15,27,,9,BAIK
37,21,7,42,4,BAIK
36,22,12,37,5,BAIK
47,22,19,39,11,BAIK
39,24,9,48,14,BAIK
81,28,23,91,14,SEDANG
52,24,14,46,11,SEDANG
68,24,24,41,9,SEDANG
43,23,9,27,8,BAIK
51,22,15,49,7,SEDANG
45,23,15,43,9,BAIK
71,24,23,48,11,SEDANG
67,24,11,26,8,SEDANG
59,24,17,63,11,SEDANG
65,23,27,71,13,SEDANG
63,23,24,69,16,SEDANG
81,25,21,75,14,SEDANG
86,25,33,59,18,SEDANG
76,24,24,33,11,SEDANG
73,23,41,58,13,SEDANG
70,26,29,45,14,SEDANG
51,22,30,43,11,SEDANG
54,23,32,45,15,SEDANG
56,23,37,18,10,SEDANG
63,24,33,13,12,SEDANG
54,23,,21,6,SEDANG
41,25,13,55,11,SEDANG
54,23,21,66,9,SEDANG
78,24,29,89,22,SEDANG
29,10,4,57,,SEDANG
33,15,8,57,1,SEDANG
45,15,14,80,4,SEDANG
14,15,8,96,4,SEDANG
62,23,26,202,8,SANGAT TIDAK SEHAT
45,17,10,144,5,TIDAK SEHAT
62,18,26,,5,SEDANG
45,11,9,,3,BAIK
34,19,17,,5,BAIK
47,15,13,66,5,SEDANG
54,15,15,89,4,SEDANG
53,17,8,57,4,SEDANG
41,20,8,121,4,TIDAK SEHAT
45,11,10,141,4,TIDAK SEHAT
57,11,15,168,3,TIDAK SEHAT
61,12,17,185,4,TIDAK SEHAT
60,10,15,142,6,TIDAK SEHAT
66,13,24,62,6,SEDANG
68,13,24,133,6,TIDAK SEHAT
50,12,16,92,5,SEDANG
66,14,27,162,6,TIDAK SEHAT
66,14,21,117,6,TIDAK SEHAT
51,10,19,84,5,SEDANG
56,16,27,90,10,SEDANG
61,16,28,35,4,SEDANG
62,30,34,56,8,SEDANG
47,15,15,48,4,BAIK
38,16,14,96,5,SEDANG
65,13,20,120,5,TIDAK SEHAT
62,24,19,,9,SEDANG
62,23,22,,6,SEDANG
70,23,22,,4,SEDANG
78,23,31,,4,SEDANG
61,23,23,,3,SEDANG
48,23,17,,3,BAIK
50,24,17,,2,BAIK
51,25,21,,4,SEDANG
,24,20,,3,BAIK
55,2,18,36,3,SEDANG
49,1,16,33,3,BAIK
62,17,19,,3,SEDANG
43,16,22,59,3,SEDANG
64,14,20,74,4,SEDANG
63,14,24,80,4,SEDANG
47,13,23,55,3,SEDANG
51,14,19,30,4,SEDANG
42,13,11,27,2,BAIK
40,14,11,42,4,BAIK
39,14,19,38,3,BAIK
29,14,17,50,4,BAIK
40,14,14,34,4,BAIK
35,17,12,42,,BAIK
19,17,,34,,BAIK
55,18,,22,5,SEDANG
6,17,24,16,6,BAIK
55,13,18,28,7,SEDANG
67,12,18,45,9,SEDANG
43,13,17,35,8,BAIK
66,10,9,73,18,SEDANG
73,20,14,76,18,SEDANG
76,11,17,80,20,SEDANG
91,27,35,68,23,SEDANG
76,19,15,69,17,SEDANG
62,11,6,74,15,SEDANG
68,15,8,59,16,SEDANG
69,19,11,76,17,SEDANG
73,18,10,96,20,SEDANG
71,25,6,66,15,SEDANG
71,16,8,64,18,SEDANG
79,20,12,68,21,SEDANG
70,20,15,73,14,SEDANG
82,23,12,81,13,SEDANG
85,23,17,,17,SEDANG
75,26,16,,16,SEDANG
54,13,14,36,16,SEDANG
58,15,9,,11,SEDANG
54,12,9,86,10,SEDANG
57,20,16,,12,SEDANG
57,24,11,63,16,SEDANG
58,22,7,50,10,SEDANG
56,15,6,44,12,SEDANG
36,19,7,33,10,BAIK
54,15,13,50,11,SEDANG
61,20,11,59,13,SEDANG
58,14,12,106,10,TIDAK SEHAT
64,14,18,120,33,TIDAK SEHAT
79,31,,75,20,SEDANG
71,19,,102,20,TIDAK SEHAT
70,25,,183,20,TIDAK SEHAT
70,15,12,81,5,SEDANG
61,15,20,107,8,TIDAK SEHAT
62,16,22,97,10,SEDANG
51,,,,,SEDANG
41,,,,,BAIK
57,,,,,SEDANG
66,,15,113,7,TIDAK SEHAT
62,16,17,105,7,TIDAK SEHAT
66,15,10,85,7,SEDANG
66,,15,75,7,SEDANG
69,16,29,100,9,SEDANG
79,17,26,97,11,SEDANG
70,16,16,116,7,TIDAK SEHAT
75,17,25,95,10,SEDANG
68,17,17,83,9,SEDANG
56,16,14,80,7,SEDANG
74,16,18,76,7,SEDANG
42,15,10,90,6,SEDANG
47,15,22,86,8,SEDANG
46,15,17,95,5,SEDANG
50,15,12,67,7,SEDANG
52,16,12,56,7,SEDANG
28,15,12,68,6,SEDANG
54,15,21,65,9,SEDANG
65,16,16,78,8,SEDANG
59,16,23,69,8,SEDANG
57,15,17,64,6,SEDANG
53,17,21,89,6,SEDANG
70,16,24,116,7,TIDAK SEHAT
73,16,20,78,10,SEDANG
73,25,14,57,8,SEDANG
88,25,20,75,15,SEDANG
103,27,23,70,16,TIDAK SEHAT
87,24,46,60,15,SEDANG
72,26,27,65,13,SEDANG
70,26,11,46,10,SEDANG
68,27,13,40,9,SEDANG
79,26,18,96,14,SEDANG
93,27,21,60,12,SEDANG
73,25,12,57,10,SEDANG
74,27,12,41,12,SEDANG
103,27,27,75,11,TIDAK SEHAT
96,26,23,61,11,SEDANG
87,26,15,92,10,SEDANG
94,27,24,74,15,SEDANG
87,28,15,53,9,SEDANG
65,25,16,39,11,SEDANG
74,26,20,42,9,SEDANG
59,24,13,62,9,SEDANG
57,25,29,49,10,SEDANG
56,25,20,60,9,SEDANG
55,25,12,34,7,SEDANG
58,26,10,30,9,SEDANG
42,25,12,53,8,SEDANG
61,26,22,57,10,SEDANG
71,29,15,51,11,SEDANG
62,26,22,56,8,SEDANG
61,24,55,64,9,SEDANG
84,28,20,57,12,SEDANG
86,25,24,67,13,SEDANG
83,28,21,114,20,TIDAK SEHAT
56,20,10,101,5,TIDAK SEHAT
64,18,18,183,5,TIDAK SEHAT
75,20,22,166,5,TIDAK SEHAT
85,19,24,164,8,TIDAK SEHAT
78,19,22,137,6,TIDAK SEHAT
62,22,8,109,4,TIDAK SEHAT
56,23,11,77,6,SEDANG
61,22,14,204,6,SANGAT TIDAK SEHAT
67,20,15,156,6,TIDAK SEHAT
61,20,9,107,5,TIDAK SEHAT
62,23,12,83,5,SEDANG
66,25,21,144,6,TIDAK SEHAT
78,18,23,131,5,TIDAK SEHAT
72,20,13,178,4,TIDAK SEHAT
84,20,25,143,5,TIDAK SEHAT
75,20,16,151,5,TIDAK SEHAT
63,16,12,78,5,SEDANG
78,19,26,86,6,SEDANG
54,16,11,102,4,TIDAK SEHAT
61,17,17,98,5,SEDANG
60,17,17,185,4,TIDAK SEHAT
35,19,12,80,4,SEDANG
44,20,7,74,4,SEDANG
31,18,11,94,5,SEDANG
66,22,17,92,7,SEDANG
62,28,18,119,7,TIDAK SEHAT
61,21,17,156,6,TIDAK SEHAT
81,16,32,116,6,TIDAK SEHAT
69,26,21,118,6,TIDAK SEHAT
76,19,24,191,5,TIDAK SEHAT
75,18,21,144,5,TIDAK SEHAT
25,12,18,16,8,BAIK
62,12,13,14,9,SEDANG
50,12,14,26,5,BAIK
34,11,11,24,3,BAIK
56,12,12,23,6,SEDANG
51,12,12,38,7,SEDANG
66,11,13,36,6,SEDANG
57,11,14,28,4,SEDANG
64,12,27,36,4,SEDANG
54,13,18,45,,SEDANG
56,11,14,35,,SEDANG
65,9,11,50,2,SEDANG
53,9,18,,3,SEDANG
26,8,12,44,2,BAIK
53,8,12,38,2,SEDANG
56,7,20,29,2,SEDANG
,,8,,,BAIK
41,5,,17,,BAIK
39,6,9,22,2,BAIK
39,5,8,19,1,BAIK
38,5,10,31,1,BAIK
21,5,14,16,2,BAIK
41,6,28,7,,BAIK
48,5,20,22,4,BAIK
58,5,17,14,2,SEDANG
60,5,18,19,3,SEDANG
46,5,17,45,2,BAIK
75,27,20,106,15,TIDAK SEHAT
67,25,10,65,18,SEDANG
77,21,8,74,17,SEDANG
72,17,8,68,19,SEDANG
69,24,8,73,14,SEDANG
70,19,8,87,13,SEDANG
68,15,8,87,18,SEDANG
63,17,11,84,17,SEDANG
80,19,25,80,22,SEDANG
68,27,18,203,17,SANGAT TIDAK SEHAT
74,18,6,169,14,TIDAK SEHAT
64,14,9,161,13,TIDAK SEHAT
54,20,15,100,16,SEDANG
56,12,3,93,7,SEDANG
54,12,7,161,7,TIDAK SEHAT
59,37,15,139,17,TIDAK SEHAT
49,15,1,71,8,SEDANG
43,12,3,61,10,SEDANG
51,20,5,71,10,SEDANG
61,13,8,74,10,SEDANG
39,11,3,54,4,SEDANG
58,19,9,62,13,SEDANG
61,17,5,57,10,SEDANG
50,15,7,82,10,SEDANG
29,11,10,82,11,SEDANG
56,21,24,107,23,TIDAK SEHAT
55,19,17,68,19,SEDANG
65,,,,,SEDANG
73,23,,154,20,TIDAK SEHAT
62,21,9,193,15,TIDAK SEHAT
64,18,13,94,7,SEDANG
64,16,16,106,8,TIDAK SEHAT
67,16,16,101,16,TIDAK SEHAT
61,16,12,117,11,TIDAK SEHAT
77,16,26,111,9,TIDAK SEHAT
55,15,17,181,7,TIDAK SEHAT
66,17,12,94,6,SEDANG
58,16,15,77,4,SEDANG
51,15,22,77,7,SEDANG
51,16,18,71,7,SEDANG
47,16,27,78,8,SEDANG
48,16,9,67,4,SEDANG
47,17,9,61,4,SEDANG
52,16,13,62,5,SEDANG
55,16,14,66,6,SEDANG
49,18,8,61,4,SEDANG
50,18,14,53,4,SEDANG
40,17,11,72,5,SEDANG
44,15,13,72,4,SEDANG
24,15,9,77,3,SEDANG
45,16,36,64,6,SEDANG
47,15,21,76,8,SEDANG
63,17,21,89,10,SEDANG
59,17,14,93,7,SEDANG
67,17,14,96,15,SEDANG
69,25,23,94,11,SEDANG
78,26,13,46,10,SEDANG
82,26,16,61,8,SEDANG
73,27,11,61,9,SEDANG
67,26,11,70,8,SEDANG
78,26,13,71,8,SEDANG
79,25,15,86,7,SEDANG
68,27,13,62,10,SEDANG
100,27,39,73,19,SEDANG
75,26,23,107,11,TIDAK SEHAT
70,27,11,96,8,SEDANG
66,26,13,67,7,SEDANG
64,25,30,66,8,SEDANG
55,25,13,51,4,SEDANG
56,26,18,60,8,SEDANG
61,25,24,49,10,SEDANG
48,27,7,42,5,BAIK
51,27,6,36,4,SEDANG
60,26,10,44,8,SEDANG
73,26,14,37,6,SEDANG
51,27,6,34,5,SEDANG
66,28,16,31,10,SEDANG
81,27,14,29,7,SEDANG
50,25,9,62,7,SEDANG
35,25,11,54,8,SEDANG
44,26,26,63,11,SEDANG
60,26,22,48,14,SEDANG
69,27,24,72,10,SEDANG
65,28,14,66,9,SEDANG
65,30,13,99,12,SEDANG
65,18,30,115,7,TIDAK SEHAT
59,17,14,86,5,SEDANG
62,19,13,145,4,TIDAK SEHAT
60,20,11,125,5,TIDAK SEHAT
52,24,10,146,4,TIDAK SEHAT
62,17,16,133,5,TIDAK SEHAT
61,19,21,179,6,TIDAK SEHAT
58,16,16,162,5,TIDAK SEHAT
74,17,34,167,9,TIDAK SEHAT
62,14,28,196,5,TIDAK SEHAT
57,19,14,156,3,TIDAK SEHAT
67,16,18,150,5,TIDAK SEHAT
56,13,27,163,5,TIDAK SEHAT
52,15,18,144,5,TIDAK SEHAT
60,16,21,120,4,TIDAK SEHAT
52,15,31,116,6,TIDAK SEHAT
46,20,11,88,3,SEDANG
39,18,10,75,3,SEDANG
44,19,13,97,3,SEDANG
53,18,16,86,4,SEDANG
47,16,11,70,3,SEDANG
45,21,17,94,4,SEDANG
46,18,13,77,3,SEDANG
38,14,15,110,3,TIDAK SEHAT
25,14,11,100,3,SEDANG
55,17,43,98,5,SEDANG
51,16,23,136,6,TIDAK SEHAT
63,19,20,146,5,TIDAK SEHAT
58,24,16,213,6,SANGAT TIDAK SEHAT
64,8,16,34,2,SEDANG
58,7,16,23,4,SEDANG
56,7,16,39,4,SEDANG
68,7,15,21,4,SEDANG
63,7,15,18,3,SEDANG
55,8,15,20,5,SEDANG
34,6,15,50,,BAIK
54,6,15,30,,SEDANG
73,7,15,25,,SEDANG
60,6,15,34,,SEDANG
59,6,14,42,,SEDANG
77,6,14,45,,SEDANG
52,5,12,32,,SEDANG
50,5,12,40,,BAIK
65,5,17,65,,SEDANG
65,6,17,53,,SEDANG
67,5,17,25,,SEDANG
70,5,16,25,,SEDANG
65,4,12,28,,SEDANG
48,4,18,43,,BAIK
53,4,23,31,,SEDANG
62,5,23,20,,SEDANG
55,5,15,35,,SEDANG
58,5,16,,,SEDANG
73,12,15,,9,SEDANG
53,11,20,65,3,SEDANG
62,10,15,37,2,SEDANG
74,11,19,34,7,SEDANG
79,10,18,38,2,SEDANG
78,17,15,142,20,TIDAK SEHAT
71,21,15,87,20,SEDANG
76,18,14,166,16,TIDAK SEHAT
82,23,10,209,19,SANGAT TIDAK SEHAT
61,16,6,110,13,TIDAK SEHAT
56,21,8,100,19,SEDANG
71,32,23,80,24,SEDANG
74,23,27,111,22,TIDAK SEHAT
69,20,7,109,17,TIDAK SEHAT
71,14,9,124,16,TIDAK SEHAT
63,17,10,129,20,TIDAK SEHAT
72,19,9,107,18,TIDAK SEHAT
70,20,11,107,18,TIDAK SEHAT
73,22,13,117,19,TIDAK SEHAT
54,16,4,129,11,TIDAK SEHAT
58,17,7,146,18,TIDAK SEHAT
65,19,13,137,19,TIDAK SEHAT
83,27,21,184,20,TIDAK SEHAT
75,24,14,134,19,TIDAK SEHAT
70,20,9,88,18,SEDANG
60,20,3,83,16,SEDANG
69,19,12,121,15,TIDAK SEHAT
63,25,13,118,22,TIDAK SEHAT
63,21,12,92,22,SEDANG
62,17,8,97,17,SEDANG
69,23,15,120,20,TIDAK SEHAT
69,17,9,118,18,TIDAK SEHAT
77,25,19,209,20,SANGAT TIDAK SEHAT
64,15,12,141,20,TIDAK SEHAT
77,24,18,127,27,TIDAK SEHAT
72,28,11,108,21,TIDAK SEHAT
65,17,19,119,7,TIDAK SEHAT
67,17,20,82,8,SEDANG
69,20,18,106,14,TIDAK SEHAT
57,19,13,94,10,SEDANG
51,18,10,81,7,SEDANG
69,19,26,84,12,SEDANG
59,18,26,72,11,SEDANG
59,17,11,105,6,TIDAK SEHAT
62,18,18,115,7,TIDAK SEHAT
71,23,17,97,11,SEDANG
63,21,12,100,8,SEDANG
69,19,17,88,10,SEDANG
75,21,14,106,11,TIDAK SEHAT
63,17,12,115,6,TIDAK SEHAT
51,17,10,105,6,TIDAK SEHAT
65,18,16,93,11,SEDANG
69,18,16,95,10,SEDANG
68,17,12,102,11,TIDAK SEHAT
72,18,13,89,8,SEDANG
64,20,11,104,6,TIDAK SEHAT
67,18,20,93,7,SEDANG
54,16,14,126,7,TIDAK SEHAT
71,19,15,104,9,TIDAK SEHAT
71,17,20,99,11,SEDANG
67,18,22,90,11,SEDANG
71,17,16,112,16,TIDAK SEHAT
76,17,31,155,12,TIDAK SEHAT
67,17,17,157,9,TIDAK SEHAT
68,18,19,113,7,TIDAK SEHAT
77,18,18,102,9,TIDAK SEHAT
96,28,27,97,13,SEDANG
79,29,21,48,11,SEDANG
79,29,18,95,10,SEDANG
104,31,24,96,16,TIDAK SEHAT
63,29,14,62,11,SEDANG
74,31,12,84,11,SEDANG
95,30,32,55,15,SEDANG
95,29,30,50,14,SEDANG
63,29,12,76,13,SEDANG
87,29,19,45,11,SEDANG
70,32,16,48,14,SEDANG
74,32,12,77,10,SEDANG
80,30,15,,11,SEDANG
84,33,18,81,14,SEDANG
59,29,10,86,10,SEDANG
61,33,11,87,12,SEDANG
81,30,20,86,12,SEDANG
88,29,19,77,14,SEDANG
82,30,14,72,13,SEDANG
79,30,14,57,11,SEDANG
74,32,9,79,9,SEDANG
77,29,21,48,11,SEDANG
92,32,22,72,15,SEDANG
75,29,18,91,11,SEDANG
78,33,21,80,12,SEDANG
86,31,14,95,12,SEDANG
92,32,28,118,13,TIDAK SEHAT
74,30,19,89,13,SEDANG
92,31,22,78,16,SEDANG
79,29,16,83,10,SEDANG
70,21,26,205,6,SANGAT TIDAK SEHAT
77,23,28,142,5,TIDAK SEHAT
66,20,23,160,5,TIDAK SEHAT
73,21,17,175,7,TIDAK SEHAT
59,19,16,123,5,TIDAK SEHAT
54,22,16,113,5,TIDAK SEHAT
72,24,32,104,9,TIDAK SEHAT
85,23,32,109,9,TIDAK SEHAT
65,19,17,116,5,TIDAK SEHAT
72,22,18,105,5,TIDAK SEHAT
68,25,17,116,5,TIDAK SEHAT
68,28,16,117,5,TIDAK SEHAT
66,23,16,97,5,SEDANG
71,23,19,117,5,TIDAK SEHAT
58,19,14,126,3,TIDAK SEHAT
53,23,14,222,4,SANGAT TIDAK SEHAT
64,26,20,205,6,SANGAT TIDAK SEHAT
77,22,25,208,5,SANGAT TIDAK SEHAT
74,22,19,188,6,TIDAK SEHAT
66,24,16,113,6,TIDAK SEHAT
60,24,14,151,4,TIDAK SEHAT
72,20,22,166,5,TIDAK SEHAT
56,22,18,191,6,TIDAK SEHAT
68,22,21,184,8,TIDAK SEHAT
73,24,23,153,7,TIDAK SEHAT
63,25,20,168,7,TIDAK SEHAT
67,23,19,197,6,TIDAK SEHAT
80,24,30,234,6,SANGAT TIDAK SEHAT
77,22,23,202,5,SANGAT TIDAK SEHAT
85,23,23,174,7,TIDAK SEHAT
79,22,22,156,8,TIDAK SEHAT
76,10,18,31,5,SEDANG
53,10,18,29,4,SEDANG
57,10,16,40,3,SEDANG
56,10,13,49,3,SEDANG
46,12,11,32,3,BAIK
48,12,12,38,4,BAIK
64,11,16,37,4,SEDANG
53,12,19,29,5,SEDANG
72,11,19,28,4,SEDANG
60,11,18,28,4,SEDANG
69,11,17,29,4,SEDANG
62,11,14,29,4,SEDANG
63,11,13,31,2,SEDANG
74,12,13,48,2,SEDANG
62,11,13,45,2,SEDANG
64,12,13,34,3,SEDANG
59,11,15,33,3,SEDANG
60,11,11,27,3,SEDANG
55,11,10,47,2,SEDANG
54,10,13,18,3,SEDANG
60,11,16,18,3,SEDANG
62,10,16,17,4,SEDANG
62,12,17,21,4,SEDANG
68,11,20,17,4,SEDANG
67,11,19,29,3,SEDANG
62,10,13,22,3,SEDANG
70,11,17,24,3,SEDANG
67,11,17,,3,SEDANG
55,10,16,34,3,SEDANG
60,10,17,34,3,SEDANG
49,10,18,36,4,BAIK
68,17,15,102,24,TIDAK SEHAT
63,20,8,160,20,TIDAK SEHAT
63,22,3,211,17,SANGAT TIDAK SEHAT
59,30,16,154,16,TIDAK SEHAT
56,20,14,203,16,SANGAT TIDAK SEHAT
60,21,10,202,23,SANGAT TIDAK SEHAT
65,23,10,104,25,TIDAK SEHAT
79,33,16,99,29,SEDANG
,24,9,112,18,TIDAK SEHAT
56,21,9,165,17,TIDAK SEHAT
65,18,16,125,19,TIDAK SEHAT
52,17,8,87,15,SEDANG
55,16,7,74,14,SEDANG
59,18,6,86,13,SEDANG
58,17,9,109,16,TIDAK SEHAT
59,18,9,97,15,SEDANG
55,17,7,128,13,TIDAK SEHAT
58,16,7,79,14,SEDANG
63,28,7,82,10,SEDANG
55,22,6,126,7,TIDAK SEHAT
56,17,8,123,9,TIDAK SEHAT
73,23,9,82,16,SEDANG
60,17,5,98,13,SEDANG
61,22,,89,12,SEDANG
59,15,,109,10,TIDAK SEHAT
62,17,5,100,13,SEDANG
59,12,9,139,13,TIDAK SEHAT
75,27,16,153,13,TIDAK SEHAT
62,23,15,85,11,SEDANG
64,19,14,110,20,TIDAK SEHAT
58,17,12,91,8,SEDANG
48,16,10,117,6,TIDAK SEHAT
21,20,9,101,10,TIDAK SEHAT
16,21,10,88,7,SEDANG
15,19,8,72,5,SEDANG
27,22,20,130,13,TIDAK SEHAT
43,20,18,129,9,TIDAK SEHAT
37,21,19,122,9,TIDAK SEHAT
28,20,13,90,7,SEDANG
21,17,12,126,7,TIDAK SEHAT
11,17,14,93,11,SEDANG
19,19,14,90,8,SEDANG
32,18,12,91,5,SEDANG
30,17,10,98,4,SEDANG
32,18,12,87,6,SEDANG
,17,10,109,7,TIDAK SEHAT
,18,10,126,6,TIDAK SEHAT
68,19,17,84,7,SEDANG
67,17,17,82,7,SEDANG
58,18,10,122,5,TIDAK SEHAT
54,16,11,91,9,SEDANG
62,17,14,113,7,TIDAK SEHAT
61,18,14,96,9,SEDANG
64,20,16,95,8,SEDANG
61,18,11,99,6,SEDANG
68,19,16,124,6,TIDAK SEHAT
61,17,12,120,6,TIDAK SEHAT
66,17,15,90,8,SEDANG
67,19,11,96,16,SEDANG
48,16,10,89,4,SEDANG
86,31,17,92,14,SEDANG
68,31,8,103,13,TIDAK SEHAT
68,32,11,88,14,SEDANG
59,31,8,87,12,SEDANG
65,35,11,84,11,SEDANG
71,34,10,97,11,SEDANG
79,34,19,79,13,SEDANG
92,32,18,,15,SEDANG
65,33,7,63,16,SEDANG
67,31,12,,18,SEDANG
77,31,14,63,11,SEDANG
66,30,9,55,7,SEDANG
72,31,7,65,9,SEDANG
62,30,8,67,11,SEDANG
70,31,11,79,9,SEDANG
62,31,7,76,7,SEDANG
62,30,10,85,7,SEDANG
79,32,15,70,13,SEDANG
80,30,17,51,11,SEDANG
73,32,12,76,11,SEDANG
62,31,7,89,9,SEDANG
60,30,8,89,16,SEDANG
81,32,16,50,18,SEDANG
76,31,10,58,10,SEDANG
75,30,12,66,9,SEDANG
79,31,13,77,13,SEDANG
83,31,11,81,12,SEDANG
67,30,10,50,10,SEDANG
85,31,10,61,10,SEDANG
65,30,8,65,9,SEDANG
71,21,21,129,7,TIDAK SEHAT
59,19,17,207,4,SANGAT TIDAK SEHAT
57,20,13,185,4,TIDAK SEHAT
50,23,13,194,4,TIDAK SEHAT
57,30,13,167,4,TIDAK SEHAT
58,32,13,180,5,TIDAK SEHAT
75,35,21,162,8,TIDAK SEHAT
88,28,28,144,8,TIDAK SEHAT
75,37,22,186,8,TIDAK SEHAT
61,30,16,156,5,TIDAK SEHAT
59,25,16,116,4,TIDAK SEHAT
58,27,20,127,5,TIDAK SEHAT
60,23,14,134,5,TIDAK SEHAT
59,24,19,151,6,TIDAK SEHAT
58,24,15,185,4,TIDAK SEHAT
72,28,17,140,6,TIDAK SEHAT
54,27,12,154,4,TIDAK SEHAT
59,23,14,143,4,TIDAK SEHAT
64,24,20,149,5,TIDAK SEHAT
59,25,19,101,6,TIDAK SEHAT
58,27,16,113,4,TIDAK SEHAT
56,23,14,164,3,TIDAK SEHAT
60,24,14,161,4,TIDAK SEHAT
67,27,22,110,7,TIDAK SEHAT
57,29,13,202,4,SANGAT TIDAK SEHAT
59,25,16,131,7,TIDAK SEHAT
63,27,20,166,7,TIDAK SEHAT
59,25,15,182,6,TIDAK SEHAT
59,21,14,161,4,TIDAK SEHAT
63,27,15,150,6,TIDAK SEHAT
58,24,15,130,5,TIDAK SEHAT
59,9,20,29,3,SEDANG
62,9,15,25,3,SEDANG
50,9,23,31,6,BAIK
50,10,22,37,3,BAIK
52,14,15,31,3,SEDANG
73,15,21,18,4,SEDANG
66,10,18,15,4,SEDANG
51,12,19,12,16,SEDANG
67,10,21,26,3,SEDANG
62,11,16,29,4,SEDANG
61,13,,,3,SEDANG
56,12,,,3,SEDANG
55,16,18,28,5,SEDANG
56,11,18,35,4,SEDANG
62,12,17,28,3,SEDANG
59,10,13,26,3,SEDANG
51,10,14,18,4,SEDANG
52,11,18,17,4,SEDANG
6,12,16,14,4,BAIK
8,11,19,8,3,BAIK
6,11,22,8,3,BAIK
5,10,22,19,3,BAIK
6,11,21,16,4,BAIK
26,11,19,19,4,BAIK
53,12,17,16,5,SEDANG
69,11,18,27,5,SEDANG
56,10,17,25,4,SEDANG
44,11,16,33,4,BAIK
41,11,17,28,4,BAIK
54,11,12,39,3,SEDANG
55,16,17,132,13,TIDAK SEHAT
66,18,17,85,11,SEDANG
62,37,22,167,15,TIDAK SEHAT
51,19,15,173,8,TIDAK SEHAT
53,15,15,108,24,TIDAK SEHAT
74,44,25,113,17,TIDAK SEHAT
59,18,17,117,10,TIDAK SEHAT
50,14,18,155,13,TIDAK SEHAT
66,20,30,95,16,SEDANG
62,17,18,109,12,TIDAK SEHAT
60,17,15,93,10,SEDANG
54,16,16,164,11,TIDAK SEHAT
70,46,19,141,13,TIDAK SEHAT
60,18,17,233,11,SANGAT TIDAK SEHAT
62,19,16,196,10,TIDAK SEHAT
63,22,15,119,11,TIDAK SEHAT
60,20,17,73,14,SEDANG
60,16,15,100,11,SEDANG
58,19,15,57,9,SEDANG
61,19,14,59,12,SEDANG
52,13,17,44,12,SEDANG
45,17,13,113,13,TIDAK SEHAT
66,16,19,94,14,SEDANG
65,21,25,110,21,TIDAK SEHAT
65,16,21,136,16,TIDAK SEHAT
74,28,26,101,21,TIDAK SEHAT
67,18,21,83,16,SEDANG
62,14,22,104,17,TIDAK SEHAT
60,18,17,133,15,TIDAK SEHAT
60,17,18,88,11,SEDANG
57,17,18,87,6,SEDANG
58,18,17,95,9,SEDANG
34,16,18,85,8,SEDANG
37,17,9,100,3,SEDANG
46,17,9,120,5,TIDAK SEHAT
54,17,13,84,7,SEDANG
53,17,16,79,9,SEDANG
38,16,11,102,4,TIDAK SEHAT
56,16,15,62,6,SEDANG
61,18,17,73,8,SEDANG
57,16,12,63,5,SEDANG
50,17,8,74,4,SEDANG
52,19,9,110,7,TIDAK SEHAT
61,19,15,102,17,TIDAK SEHAT
62,23,12,138,7,TIDAK SEHAT
61,18,11,88,6,SEDANG
53,18,11,61,7,SEDANG
51,17,13,72,8,SEDANG
51,19,12,80,11,SEDANG
69,19,16,58,8,SEDANG
61,16,34,57,7,SEDANG
58,17,25,115,13,TIDAK SEHAT
68,18,27,92,9,SEDANG
46,16,24,86,6,SEDANG
64,17,31,128,10,TIDAK SEHAT
71,19,25,80,12,SEDANG
66,18,21,107,18,TIDAK SEHAT
52,16,21,93,4,SEDANG
54,17,21,93,9,SEDANG
56,17,20,78,6,SEDANG
68,29,15,77,11,SEDANG
73,30,14,65,8,SEDANG
56,29,19,,24,SEDANG
52,37,7,71,24,SEDANG
51,31,9,75,12,SEDANG
82,35,19,,13,SEDANG
69,33,21,,10,SEDANG
47,33,9,72,10,SEDANG
81,34,24,43,13,SEDANG
69,33,13,52,11,SEDANG
63,33,10,43,11,SEDANG
61,32,6,54,13,SEDANG
69,35,10,80,13,SEDANG
62,36,9,80,8,SEDANG
68,37,11,109,23,TIDAK SEHAT
82,34,12,63,11,SEDANG
62,33,12,45,12,SEDANG
64,32,12,49,9,SEDANG
58,34,8,40,10,SEDANG
70,34,12,42,11,SEDANG
80,33,18,34,11,SEDANG
55,33,18,83,12,SEDANG
84,33,18,70,10,SEDANG
69,33,19,61,13,SEDANG
78,32,20,86,12,SEDANG
94,33,18,77,15,SEDANG
72,34,13,93,9,SEDANG
70,33,16,67,10,SEDANG
62,33,10,78,10,SEDANG
63,32,12,68,11,SEDANG
61,25,18,145,5,TIDAK SEHAT
61,22,20,136,5,TIDAK SEHAT
44,20,19,175,6,TIDAK SEHAT
43,22,11,217,2,SANGAT TIDAK SEHAT
46,21,11,140,3,TIDAK SEHAT
68,25,21,148,7,TIDAK SEHAT
60,24,17,147,5,TIDAK SEHAT
49,23,14,175,4,TIDAK SEHAT
58,22,20,126,6,TIDAK SEHAT
61,25,20,132,6,TIDAK SEHAT
59,25,16,102,6,TIDAK SEHAT
55,23,14,126,4,TIDAK SEHAT
56,39,14,190,5,TIDAK SEHAT
58,44,13,209,5,SANGAT TIDAK SEHAT
61,26,12,195,3,TIDAK SEHAT
55,26,12,102,3,TIDAK SEHAT
56,25,16,83,5,SEDANG
54,25,15,141,5,TIDAK SEHAT
48,25,13,85,4,SEDANG
63,31,15,77,6,SEDANG
65,24,25,75,6,SEDANG
44,29,14,157,6,TIDAK SEHAT
71,28,29,130,6,TIDAK SEHAT
60,27,18,152,5,TIDAK SEHAT
68,29,24,197,7,TIDAK SEHAT
65,50,18,202,6,SANGAT TIDAK SEHAT
59,37,17,146,5,TIDAK SEHAT
56,24,16,194,5,TIDAK SEHAT
54,30,15,165,4,TIDAK SEHAT
58,26,16,145,3,TIDAK SEHAT
47,11,15,26,4,BAIK
63,11,19,14,4,SEDANG
37,10,17,33,5,BAIK
38,11,17,35,4,BAIK
46,11,16,37,3,BAIK
37,11,20,32,3,BAIK
37,12,11,35,3,BAIK
37,11,14,33,4,BAIK
51,11,15,30,4,SEDANG
27,11,18,19,5,BAIK
59,11,17,22,4,SEDANG
53,11,17,15,5,SEDANG
55,11,20,26,5,SEDANG
64,12,14,30,4,SEDANG
52,10,16,23,3,SEDANG
57,10,19,43,5,SEDANG
,11,19,28,5,BAIK
59,11,18,23,5,SEDANG
30,10,20,38,5,BAIK
43,10,16,35,3,BAIK
42,10,14,29,3,BAIK
33,10,14,39,4,BAIK
36,9,14,32,3,BAIK
43,10,27,28,5,BAIK
36,10,17,14,4,BAIK
29,10,18,16,4,BAIK
57,10,18,35,5,SEDANG
34,9,12,33,3,BAIK
42,9,24,44,2,BAIK
46,10,22,34,3,BAIK
47,10,16,19,3,BAIK
60,20,15,91,12,SEDANG
64,17,22,66,21,SEDANG
61,14,16,104,10,TIDAK SEHAT
57,15,13,99,11,SEDANG
60,20,14,123,13,TIDAK SEHAT
61,17,13,103,12,TIDAK SEHAT
70,27,15,91,12,SEDANG
66,26,18,132,12,TIDAK SEHAT
61,20,17,160,11,TIDAK SEHAT
71,30,24,129,18,TIDAK SEHAT
71,21,16,119,13,TIDAK SEHAT
68,20,16,81,16,SEDANG
60,16,18,189,25,TIDAK SEHAT
77,23,20,136,16,TIDAK SEHAT
61,15,15,84,12,SEDANG
68,20,23,124,19,TIDAK SEHAT
75,29,23,145,19,TIDAK SEHAT
72,25,20,203,22,SANGAT TIDAK SEHAT
66,20,23,105,17,TIDAK SEHAT
37,16,18,158,14,TIDAK SEHAT
52,33,22,126,17,TIDAK SEHAT
62,22,14,87,12,SEDANG
40,11,18,148,16,TIDAK SEHAT
73,31,31,139,21,TIDAK SEHAT
66,22,25,95,19,SEDANG
67,27,20,119,21,TIDAK SEHAT
60,16,14,73,11,SEDANG
43,13,16,77,16,SEDANG
40,13,16,69,13,SEDANG
44,12,15,67,10,SEDANG
57,16,20,89,15,SEDANG
55,18,16,29,6,SEDANG
67,18,22,26,10,SEDANG
57,18,20,137,11,TIDAK SEHAT
62,18,24,41,8,SEDANG
62,18,18,22,7,SEDANG
63,17,21,24,6,SEDANG
62,19,22,20,7,SEDANG
54,18,19,22,6,SEDANG
59,18,18,18,5,SEDANG
61,18,17,119,,TIDAK SEHAT
67,18,22,107,,TIDAK SEHAT
59,19,18,107,,TIDAK SEHAT
56,18,15,97,,SEDANG
59,17,19,108,,TIDAK SEHAT
58,17,18,165,1,TIDAK SEHAT
54,18,18,135,2,TIDAK SEHAT
56,18,18,110,,TIDAK SEHAT
54,16,20,98,,SEDANG
53,17,17,133,,TIDAK SEHAT
49,16,20,84,,SEDANG
56,16,21,86,,SEDANG
38,15,19,69,,SEDANG
49,17,31,109,3,TIDAK SEHAT
57,17,,,,SEDANG
51,16,19,100,3,SEDANG
52,17,26,104,5,TIDAK SEHAT
43,17,20,90,3,SEDANG
28,16,19,85,4,SEDANG
50,17,25,104,4,TIDAK SEHAT
47,18,20,97,3,SEDANG
92,33,11,77,9,SEDANG
76,31,18,52,11,SEDANG
70,32,8,74,10,SEDANG
73,32,11,72,7,SEDANG
67,34,6,67,5,SEDANG
70,33,6,69,6,SEDANG
87,34,12,49,9,SEDANG
66,34,9,61,7,SEDANG
62,34,7,61,8,SEDANG
79,36,15,87,13,SEDANG
81,36,11,64,11,SEDANG
77,33,11,66,9,SEDANG
64,35,10,89,11,SEDANG
86,35,11,68,9,SEDANG
73,33,11,65,11,SEDANG
74,33,14,84,10,SEDANG
71,34,12,93,12,SEDANG
61,36,6,93,14,SEDANG
64,30,15,76,8,SEDANG
57,28,11,84,13,SEDANG
65,26,20,62,9,SEDANG
71,26,13,75,6,SEDANG
44,26,14,64,8,SEDANG
62,27,30,90,9,SEDANG
67,28,21,76,9,SEDANG
,29,13,82,10,SEDANG
77,25,17,66,9,SEDANG
39,23,12,58,6,SEDANG
49,22,11,58,,SEDANG
61,26,15,57,7,SEDANG
47,23,14,59,6,SEDANG
55,26,17,124,4,TIDAK SEHAT
58,41,17,88,6,SEDANG
53,30,14,144,6,TIDAK SEHAT
63,26,21,109,6,TIDAK SEHAT
51,29,11,146,5,TIDAK SEHAT
56,29,15,123,4,TIDAK SEHAT
58,29,16,128,4,TIDAK SEHAT
60,28,17,185,,TIDAK SEHAT
60,28,19,173,5,TIDAK SEHAT
61,29,17,190,7,TIDAK SEHAT
58,31,15,149,8,TIDAK SEHAT
60,35,16,118,10,TIDAK SEHAT
56,32,14,148,7,TIDAK SEHAT
59,29,16,138,9,TIDAK SEHAT
58,28,16,119,8,TIDAK SEHAT
58,29,16,210,7,SANGAT TIDAK SEHAT
58,34,15,217,7,SANGAT TIDAK SEHAT
56,34,13,207,5,SANGAT TIDAK SEHAT
61,27,23,146,12,TIDAK SEHAT
57,31,15,212,6,SANGAT TIDAK SEHAT
59,27,18,139,8,TIDAK SEHAT
54,28,15,150,7,TIDAK SEHAT
33,24,11,139,6,TIDAK SEHAT
55,35,30,114,12,TIDAK SEHAT
53,30,16,97,7,SEDANG
62,29,20,96,7,SEDANG
57,26,23,67,11,SEDANG
39,21,14,61,,SEDANG
27,25,14,66,,SEDANG
52,31,14,57,7,SEDANG
51,27,14,79,6,SEDANG
65,11,26,19,5,SEDANG
45,10,21,32,3,BAIK
51,11,21,37,4,SEDANG
45,10,17,28,2,BAIK
48,10,20,22,3,BAIK
45,10,19,41,3,BAIK
53,10,23,28,3,SEDANG
49,10,23,37,3,BAIK
58,11,32,31,5,SEDANG
49,14,23,72,4,SEDANG
59,16,20,65,3,SEDANG
59,15,20,75,4,SEDANG
37,15,18,32,2,BAIK
15,13,9,30,1,BAIK
21,17,19,130,2,TIDAK SEHAT
34,20,18,125,3,TIDAK SEHAT
31,17,14,62,3,SEDANG
53,16,18,43,3,SEDANG
41,15,17,61,3,SEDANG
51,18,21,127,3,TIDAK SEHAT
61,17,20,55,2,SEDANG
43,16,23,100,4,SEDANG
61,16,38,61,4,SEDANG
54,12,19,71,2,SEDANG
73,19,20,48,2,SEDANG
63,14,26,84,3,SEDANG
51,15,20,62,3,SEDANG
60,15,27,64,2,SEDANG
53,14,20,73,3,SEDANG
71,22,22,95,16,SEDANG
50,14,16,79,13,SEDANG
76,29,23,173,14,TIDAK SEHAT
52,14,31,102,18,TIDAK SEHAT
55,12,23,96,17,SEDANG
53,19,16,122,12,TIDAK SEHAT
59,20,26,83,30,SEDANG
63,23,24,77,21,SEDANG
60,20,22,79,16,SEDANG
57,24,26,71,19,SEDANG
71,40,19,88,16,SEDANG
52,17,16,144,15,TIDAK SEHAT
56,15,15,129,23,TIDAK SEHAT
38,13,14,65,16,SEDANG
27,12,6,51,8,SEDANG
54,31,12,234,16,SANGAT TIDAK SEHAT
65,36,11,145,16,TIDAK SEHAT
59,28,15,118,16,TIDAK SEHAT
62,20,20,68,16,SEDANG
50,16,16,94,16,SEDANG
66,31,14,163,22,TIDAK SEHAT
59,18,17,129,20,TIDAK SEHAT
66,27,14,203,18,SANGAT TIDAK SEHAT
61,18,33,193,22,TIDAK SEHAT
56,25,16,73,15,SEDANG
68,19,22,67,20,SEDANG
53,20,25,123,19,TIDAK SEHAT
63,26,13,109,17,TIDAK SEHAT
67,18,35,94,4,SEDANG
47,18,18,85,5,SEDANG
53,18,22,121,3,TIDAK SEHAT
43,16,24,108,3,TIDAK SEHAT
48,16,23,101,3,TIDAK SEHAT
51,17,20,82,2,SEDANG
39,16,23,88,3,SEDANG
38,16,22,89,3,SEDANG
43,16,22,98,4,SEDANG
55,16,36,166,4,TIDAK SEHAT
54,17,35,104,4,TIDAK SEHAT
66,18,28,,4,SEDANG
66,18,31,78,4,SEDANG
60,18,25,53,3,SEDANG
40,18,20,41,2,BAIK
35,18,22,79,3,SEDANG
38,19,17,98,3,SEDANG
54,19,22,120,4,TIDAK SEHAT
75,21,31,90,4,SEDANG
49,17,21,92,4,SEDANG
47,18,20,125,2,TIDAK SEHAT
69,18,25,88,3,SEDANG
60,20,20,118,4,TIDAK SEHAT
56,19,35,112,4,TIDAK SEHAT
52,18,21,77,3,SEDANG
48,16,20,90,4,SEDANG
54,16,28,126,4,TIDAK SEHAT
,19,22,84,5,SEDANG
48,18,21,76,3,SEDANG
42,16,20,131,4,TIDAK SEHAT
74,24,19,69,10,SEDANG
48,24,12,47,7,BAIK
60,25,24,60,12,SEDANG
55,23,26,71,9,SEDANG
56,23,17,77,3,SEDANG
44,24,13,74,11,SEDANG
54,24,22,86,11,SEDANG
56,25,18,72,9,SEDANG
61,24,20,65,15,SEDANG
56,24,29,93,10,SEDANG
63,24,33,62,9,SEDANG
51,24,31,52,11,SEDANG
62,23,25,66,14,SEDANG
46,23,17,41,10,BAIK
27,23,11,33,4,BAIK
51,26,15,101,9,TIDAK SEHAT
59,31,9,93,13,SEDANG
58,28,11,52,9,SEDANG
81,25,25,51,10,SEDANG
56,25,15,82,10,SEDANG
59,25,17,93,15,SEDANG
61,26,18,54,12,SEDANG
58,25,10,92,13,SEDANG
58,24,29,72,12,SEDANG
57,23,13,60,9,SEDANG
72,24,26,63,10,SEDANG
57,24,27,61,10,SEDANG
57,25,8,55,10,SEDANG
62,27,12,54,11,SEDANG
48,24,9,93,11,SEDANG
63,27,21,80,7,SEDANG
45,26,13,63,,SEDANG
56,29,21,130,7,TIDAK SEHAT
56,26,21,110,8,TIDAK SEHAT
54,24,17,81,,SEDANG
53,28,13,97,4,SEDANG
54,28,18,96,7,SEDANG
52,32,17,79,12,SEDANG
51,14,19,90,6,SEDANG
60,14,36,119,7,TIDAK SEHAT
60,15,31,83,8,SEDANG
54,14,21,78,6,SEDANG
56,15,17,73,7,SEDANG
42,14,25,,17,BAIK
30,13,9,,6,BAIK
41,18,20,,11,BAIK
35,16,12,105,10,TIDAK SEHAT
54,16,14,66,12,SEDANG
55,16,19,61,17,SEDANG
44,14,16,91,14,SEDANG
62,16,20,106,16,TIDAK SEHAT
60,17,18,54,17,SEDANG
48,17,26,108,22,TIDAK SEHAT
60,15,37,105,22,TIDAK SEHAT
54,14,18,74,14,SEDANG
60,17,20,50,17,SEDANG
48,14,23,81,17,SEDANG
40,15,16,86,16,SEDANG
60,14,33,64,26,SEDANG
44,14,16,120,15,TIDAK SEHAT
57,15,21,64,3,SEDANG
59,18,22,65,15,SEDANG
57,16,21,86,4,SEDANG
63,13,29,71,3,SEDANG
62,16,31,57,3,SEDANG
49,16,23,66,4,SEDANG
50,16,21,82,4,SEDANG
68,14,27,81,4,SEDANG
54,15,17,80,3,SEDANG
64,13,21,94,5,SEDANG
82,15,39,92,4,SEDANG
57,14,27,112,3,TIDAK SEHAT
52,15,18,63,3,SEDANG
50,15,15,69,3,SEDANG
23,13,10,34,2,BAIK
41,12,9,36,2,BAIK
35,13,12,62,3,SEDANG
36,17,12,86,3,SEDANG
60,15,20,88,3,SEDANG
48,14,17,49,3,BAIK
33,13,12,23,3,BAIK
48,14,,15,2,BAIK
21,11,4,20,1,BAIK
22,13,6,22,2,BAIK
22,14,7,18,2,BAIK
28,13,15,55,3,SEDANG
4,13,,63,,SEDANG
19,,5,,8,BAIK
17,,,,4,BAIK
24,,4,33,3,BAIK
55,14,19,106,17,TIDAK SEHAT
73,36,20,132,21,TIDAK SEHAT
65,25,17,97,20,SEDANG
64,15,31,59,21,SEDANG
59,18,25,74,19,SEDANG
61,27,12,75,16,SEDANG
59,40,20,96,15,SEDANG
56,11,23,134,27,TIDAK SEHAT
58,18,12,104,19,TIDAK SEHAT
66,17,20,137,19,TIDAK SEHAT
73,16,35,123,34,TIDAK SEHAT
56,16,17,214,18,SANGAT TIDAK SEHAT
51,14,14,117,26,TIDAK SEHAT
50,17,16,57,18,SEDANG
23,11,5,47,6,BAIK
35,12,11,63,9,SEDANG
31,13,8,128,12,TIDAK SEHAT
51,27,9,160,14,TIDAK SEHAT
60,26,17,195,17,TIDAK SEHAT
48,14,13,69,15,SEDANG
34,15,8,52,17,SEDANG
41,23,6,47,18,BAIK
40,16,10,31,21,BAIK
16,11,3,35,3,BAIK
22,13,5,43,4,BAIK
19,14,5,33,4,BAIK
,12,7,50,6,BAIK
,12,4,49,3,BAIK
,12,4,37,3,BAIK
,11,3,33,2,BAIK
,18,4,39,3,BAIK
60,16,27,112,3,TIDAK SEHAT
43,18,20,92,,SEDANG
49,17,21,84,3,SEDANG
52,18,33,94,3,SEDANG
33,17,29,134,5,TIDAK SEHAT
55,16,30,97,3,SEDANG
57,16,25,95,5,SEDANG
64,16,30,83,3,SEDANG
75,16,50,90,4,SEDANG
50,17,28,94,3,SEDANG
39,17,24,88,3,SEDANG
35,17,21,92,8,SEDANG
24,15,16,,,BAIK
42,19,16,62,,SEDANG
51,21,21,101,6,TIDAK SEHAT
55,17,24,97,4,SEDANG
41,18,19,64,3,SEDANG
58,21,21,66,3,SEDANG
,,19,44,2,BAIK
,,9,45,2,BAIK
,9,5,70,1,SEDANG
28,12,5,69,2,SEDANG
29,12,6,47,3,BAIK
33,11,3,42,2,BAIK
22,11,2,50,1,BAIK
24,12,3,53,1,SEDANG
44,13,6,43,2,BAIK
53,26,16,61,13,SEDANG
68,28,18,71,8,SEDANG
63,31,17,55,11,SEDANG
51,24,17,56,11,SEDANG
62,25,33,59,9,SEDANG
47,26,10,47,6,BAIK
51,26,19,72,9,SEDANG
59,25,18,63,11,SEDANG
60,25,15,57,8,SEDANG
68,24,32,48,11,SEDANG
74,26,43,104,15,TIDAK SEHAT
58,26,30,67,11,SEDANG
47,26,13,70,10,SEDANG
41,24,11,60,10,SEDANG
37,24,6,23,,BAIK
46,25,9,43,3,BAIK
41,30,,78,,SEDANG
48,27,9,74,10,SEDANG
62,27,20,118,10,TIDAK SEHAT
51,27,17,67,14,SEDANG
34,25,8,37,5,BAIK
46,31,10,47,8,BAIK
39,26,12,42,7,BAIK
34,24,8,26,5,BAIK
29,24,5,23,3,BAIK
31,25,5,22,3,BAIK
28,25,7,30,6,BAIK
25,24,4,23,3,BAIK
30,24,4,21,2,BAIK
48,8,3,21,3,BAIK
33,8,6,20,4,BAIK
45,15,12,62,13,SEDANG
49,16,18,79,20,SEDANG
53,15,17,77,16,SEDANG
51,14,30,56,20,SEDANG
55,15,26,81,22,SEDANG
51,14,26,75,17,SEDANG
50,17,25,87,13,SEDANG
60,15,20,78,15,SEDANG
54,16,13,74,13,SEDANG
60,13,28,78,16,SEDANG
72,14,39,91,23,SEDANG
51,13,31,68,22,SEDANG
39,14,15,63,15,SEDANG
34,17,11,48,18,BAIK
16,14,6,30,6,BAIK
35,13,10,29,6,BAIK
35,14,11,65,8,SEDANG
38,16,9,64,8,SEDANG
52,17,24,71,19,SEDANG
35,15,13,44,18,BAIK
27,16,9,43,6,BAIK
43,32,10,51,11,SEDANG
40,20,11,44,8,BAIK
13,14,7,19,2,BAIK
24,15,7,22,4,BAIK
11,16,6,22,5,BAIK
6,2,8,48,,BAIK
,1,7,40,,BAIK
,,6,49,,BAIK
,,6,51,,SEDANG
,11,6,34,2,BAIK
